track,sample,outcome,spec_id,spec_label,hypothesis_family,weight_status,weight_column,sample_n,folds,nuisance_learner,engine_impl,x_block_id,x_exclude_columns,x_feature_count,treatment,estimate,std_error,ci_low,ci_high,p_value,outcome_oof_r2,treatment_oof_r2,mean_treatment_oof_r2,final_model_r2,condition_number,p_value_adj_bh,p_value_adj_holm,significant_bh_0_05,significant_holm_0_05,source_path,estimate_reference,std_error_reference,p_value_reference,estimate_delta_vs_reference,std_error_ratio_vs_reference,same_sign_as_reference,estimation_unit,analysis_rows,analysis_narrators
track1_per_cell,main,share_joint_Injury_composed,joint_continuous,Joint continuous treatments,H3,unweighted,,37,5,lightgbm_regressor,crossfit_plr_residual_ols_hc3_v1,primary,,29,age_at_first_exposure,0.0059762247206609,0.004461996578668,-0.0027691278726694,0.0147215773139913,0.1804531412447875,-0.551975133060586,0.7006694322350749,-0.0804886625040963,0.3392204088935308,4265.018964247611,0.360906282489575,1.0,0,0,robustness/causal_robustness_v2/r12/track1_per_cell/track1_per_cell_estimates_v1.csv,0.015679504872884,0.0177417924698985,0.3768252246632525,-0.0097032801522231,0.25149637987471773,1.0,interview,37,31
track1_per_cell,main,share_joint_Injury_composed,joint_continuous,Joint continuous treatments,H3,unweighted,,37,5,lightgbm_regressor,crossfit_plr_residual_ols_hc3_v1,primary,,29,total_days_incarcerated,-2.114318458150008e-05,1.841648854459317e-05,-5.7238838850597176e-05,1.4952469687597018e-05,0.2509448995393588,-0.551975133060586,-0.3321083735021124,-0.0804886625040963,0.3392204088935308,4265.018964247611,0.4301912563531865,1.0,0,0,robustness/causal_robustness_v2/r12/track1_per_cell/track1_per_cell_estimates_v1.csv,-8.147722593650173e-06,9.668611480263626e-06,0.3993971903402766,-1.2995461987849906e-05,1.9047707710860484,1.0,interview,37,31
track1_per_cell,main,share_joint_Injury_composed,joint_continuous,Joint continuous treatments,H3,unweighted,,37,5,lightgbm_regressor,crossfit_plr_residual_ols_hc3_v1,primary,,29,severity_index_v2,0.2080835218297589,0.0810848378899704,0.0491601598731481,0.3670068837863697,0.0102806323838892,-0.551975133060586,-0.6100270462452515,-0.0804886625040963,0.3392204088935308,4265.018964247611,0.0631527359965793,0.3289802362844559,0,0,robustness/causal_robustness_v2/r12/track1_per_cell/track1_per_cell_estimates_v1.csv,-0.0038321054926864,0.0297296324429734,0.8974379512124105,0.2119156273224453,2.727408017758215,0.0,interview,37,31
track1_per_cell,main,share_joint_Rupture_composed,joint_continuous,Joint continuous treatments,H3,unweighted,,37,5,lightgbm_regressor,crossfit_plr_residual_ols_hc3_v1,primary,,29,age_at_first_exposure,0.0167632418496923,0.0055864419364166,0.0058140168525915,0.0277124668467931,0.0026935892288056,-0.4092304112182947,0.7006694322350749,-0.0804886625040963,0.1300520675611843,4265.018964247611,0.0355553426453383,0.0942756230081967,1,0,robustness/causal_robustness_v2/r12/track1_per_cell/track1_per_cell_estimates_v1.csv,-0.0079401250458275,0.0226305136066118,0.7256939436603291,0.0247033668955198,0.2468544034627852,0.0,interview,37,31
track1_per_cell,main,share_joint_Rupture_composed,joint_continuous,Joint continuous treatments,H3,unweighted,,37,5,lightgbm_regressor,crossfit_plr_residual_ols_hc3_v1,primary,,29,total_days_incarcerated,1.457682608720422e-05,2.9665882823105795e-05,-4.356723581566856e-05,7.2720887990077e-05,0.6231671326150983,-0.4092304112182947,-0.3321083735021124,-0.0804886625040963,0.1300520675611843,4265.018964247611,0.8012148847908406,1.0,0,0,robustness/causal_robustness_v2/r12/track1_per_cell/track1_per_cell_estimates_v1.csv,-1.4045104736011688e-06,1.7545640466193974e-05,0.9361983072814536,1.598133656080539e-05,1.6907836952583448,0.0,interview,37,31
track1_per_cell,main,share_joint_Rupture_composed,joint_continuous,Joint continuous treatments,H3,unweighted,,37,5,lightgbm_regressor,crossfit_plr_residual_ols_hc3_v1,primary,,29,severity_index_v2,-0.024395291186707,0.1150673893903765,-0.2499232301868914,0.2011326478134772,0.8321002229183223,-0.4092304112182947,-0.6100270462452515,-0.0804886625040963,0.1300520675611843,4265.018964247611,0.8946769459482848,1.0,0,0,robustness/causal_robustness_v2/r12/track1_per_cell/track1_per_cell_estimates_v1.csv,-0.0953565234312679,0.049088031677144,0.0520691551007067,0.0709612322445609,2.344102736634138,1.0,interview,37,31
track1_per_cell,main,share_joint_Rupture_discomposed,joint_continuous,Joint continuous treatments,H3,unweighted,,37,5,lightgbm_regressor,crossfit_plr_residual_ols_hc3_v1,primary,,29,age_at_first_exposure,-0.0115325053153872,0.006302785718472,-0.0238857383258657,0.0008207276950913,0.0672877305409574,-0.1695529824630135,0.7006694322350749,-0.0804886625040963,0.1498964042226933,4265.018964247611,0.2018631916228722,1.0,0,0,robustness/causal_robustness_v2/r12/track1_per_cell/track1_per_cell_estimates_v1.csv,0.0430081292892167,0.0250888294158867,0.0864857231770966,-0.0545406346046039,0.2512188039542794,0.0,interview,37,31
track1_per_cell,main,share_joint_Rupture_discomposed,joint_continuous,Joint continuous treatments,H3,unweighted,,37,5,lightgbm_regressor,crossfit_plr_residual_ols_hc3_v1,primary,,29,total_days_incarcerated,-6.599108125564684e-06,1.9349912432954523e-05,-4.452423959815936e-05,3.132602334703e-05,0.7330729249672201,-0.1695529824630135,-0.3321083735021124,-0.0804886625040963,0.1498964042226933,4265.018964247611,0.879687509960664,1.0,0,0,robustness/causal_robustness_v2/r12/track1_per_cell/track1_per_cell_estimates_v1.csv,8.285812669071138e-06,1.56941391581108e-05,0.5975299754925918,-1.4884920794635821e-05,1.2329387574567543,0.0,interview,37,31
track1_per_cell,main,share_joint_Rupture_discomposed,joint_continuous,Joint continuous treatments,H3,unweighted,,37,5,lightgbm_regressor,crossfit_plr_residual_ols_hc3_v1,primary,,29,severity_index_v2,-0.1144616214885786,0.0893840617792989,-0.2896511633679077,0.0607279203907504,0.2003483857943323,-0.1695529824630135,-0.6100270462452515,-0.0804886625040963,0.1498964042226933,4265.018964247611,0.3796074678208402,1.0,0,0,robustness/causal_robustness_v2/r12/track1_per_cell/track1_per_cell_estimates_v1.csv,-0.0070785900976072,0.0487799819515521,0.8846219687944282,-0.1073830313909714,1.8323922683709573,1.0,interview,37,31
track1_per_cell,main,share_joint_Distrust_composed,joint_continuous,Joint continuous treatments,H3,unweighted,,37,5,lightgbm_regressor,crossfit_plr_residual_ols_hc3_v1,primary,,29,age_at_first_exposure,-0.0112252854582925,0.0050969261889901,-0.0212150772205723,-0.0012354936960128,0.0276396245790727,-0.2361419000990603,0.7006694322350749,-0.0804886625040963,0.1050822809945506,4265.018964247611,0.0995026484846618,0.7462698636349642,0,0,robustness/causal_robustness_v2/r12/track1_per_cell/track1_per_cell_estimates_v1.csv,-0.0031284882575399,0.0197906318287667,0.8743943502788857,-0.0080967972007526,0.25754236818156845,1.0,interview,37,31
track1_per_cell,main,share_joint_Distrust_composed,joint_continuous,Joint continuous treatments,H3,unweighted,,37,5,lightgbm_regressor,crossfit_plr_residual_ols_hc3_v1,primary,,29,total_days_incarcerated,2.358725348381904e-05,2.468502499728474e-05,-2.479450646833e-05,7.196901343596808e-05,0.3393103242733567,-0.2361419000990603,-0.3321083735021124,-0.0804886625040963,0.1050822809945506,4265.018964247611,0.5310944206017758,1.0,0,0,robustness/causal_robustness_v2/r12/track1_per_cell/track1_per_cell_estimates_v1.csv,8.182497072158581e-06,1.3864496889825272e-05,0.5550724789966297,1.540475641166046e-05,1.7804486663630992,1.0,interview,37,31
track1_per_cell,main,share_joint_Distrust_composed,joint_continuous,Joint continuous treatments,H3,unweighted,,37,5,lightgbm_regressor,crossfit_plr_residual_ols_hc3_v1,primary,,29,severity_index_v2,-0.0746933913272157,0.1068516618663243,-0.2841188002734633,0.1347320176190319,0.4845281702568611,-0.2361419000990603,-0.6100270462452515,-0.0804886625040963,0.1050822809945506,4265.018964247611,0.6708851588171924,1.0,0,0,robustness/causal_robustness_v2/r12/track1_per_cell/track1_per_cell_estimates_v1.csv,0.0499472426934639,0.0365381210290995,0.1716284688956186,-0.1246406340206796,2.9243885251030304,0.0,interview,37,31
track1_per_cell,main,share_joint_Injury_composed,joint_continuous,Joint continuous treatments,H3,ipw,ipw_weight_interview_v1,37,5,lightgbm_regressor,crossfit_plr_residual_ols_hc3_v1,primary,,29,age_at_first_exposure,0.0018359736774108,0.0022019589714691,-0.0024797866021035,0.0061517339569252,0.4043987410198153,-0.2265006211100058,0.7005346292132834,-0.0588267407160964,0.2495180719581717,5653.762335880067,0.5823341870685341,1.0,0,0,robustness/causal_robustness_v2/r12/track1_per_cell/track1_per_cell_estimates_v1.csv,-0.0045917883270428,0.0186738858950087,0.8057646273075423,0.006427762004453601,0.11791648422022631,0.0,interview,37,31
track1_per_cell,main,share_joint_Injury_composed,joint_continuous,Joint continuous treatments,H3,ipw,ipw_weight_interview_v1,37,5,lightgbm_regressor,crossfit_plr_residual_ols_hc3_v1,primary,,29,total_days_incarcerated,-7.510080486869268e-06,1.2017185875239942e-05,-3.1063331997863e-05,1.6043171024124464e-05,0.5320071422202163,-0.2265006211100058,-0.3813594560320019,-0.0588267407160964,0.2495180719581717,5653.762335880067,0.7093428562936217,1.0,0,0,robustness/causal_robustness_v2/r12/track1_per_cell/track1_per_cell_estimates_v1.csv,4.462950457171904e-06,1.1614279268799605e-05,0.7007827204959143,-1.1973030944041172e-05,1.0346906249725456,0.0,interview,37,31
track1_per_cell,main,share_joint_Injury_composed,joint_continuous,Joint continuous treatments,H3,ipw,ipw_weight_interview_v1,37,5,lightgbm_regressor,crossfit_plr_residual_ols_hc3_v1,primary,,29,severity_index_v2,0.1389571049095924,0.058310873917902,0.0246698921234485,0.2532443176957363,0.0171703605729394,-0.2265006211100058,-0.4956553953295708,-0.0588267407160964,0.2495180719581717,5653.762335880067,0.0873381201082122,0.5151108171881842,0,0,robustness/causal_robustness_v2/r12/track1_per_cell/track1_per_cell_estimates_v1.csv,-0.0444382620060267,0.0316267833781405,0.1599965390637986,0.18339536691561908,1.8437181303175068,0.0,interview,37,31
track1_per_cell,main,share_joint_Rupture_composed,joint_continuous,Joint continuous treatments,H3,ipw,ipw_weight_interview_v1,37,5,lightgbm_regressor,crossfit_plr_residual_ols_hc3_v1,primary,,29,age_at_first_exposure,0.0316490292553098,0.0081204524131443,0.0157332349873755,0.0475648235232442,9.721226820035684e-05,-0.45675377937166,0.7005346292132834,-0.0588267407160964,0.3909057627104627,5653.762335880067,0.0034996416552128,0.0034996416552128,1,1,robustness/causal_robustness_v2/r12/track1_per_cell/track1_per_cell_estimates_v1.csv,-0.051829075330831,0.0285360283690474,0.0693292706226815,0.0834781045861408,0.2845684167440916,0.0,interview,37,31
track1_per_cell,main,share_joint_Rupture_composed,joint_continuous,Joint continuous treatments,H3,ipw,ipw_weight_interview_v1,37,5,lightgbm_regressor,crossfit_plr_residual_ols_hc3_v1,primary,,29,total_days_incarcerated,-6.2292186133848e-06,4.104415741513709e-05,-8.66742889228461e-05,7.42158516960765e-05,0.8793693660514601,-0.45675377937166,-0.3813594560320019,-0.0588267407160964,0.3909057627104627,5653.762335880067,0.8946769459482848,1.0,0,0,robustness/causal_robustness_v2/r12/track1_per_cell/track1_per_cell_estimates_v1.csv,1.902454963531123e-05,2.416290569102073e-05,0.4310797726377837,-2.525376824869603e-05,1.6986432815648356,0.0,interview,37,31
track1_per_cell,main,share_joint_Rupture_composed,joint_continuous,Joint continuous treatments,H3,ipw,ipw_weight_interview_v1,37,5,lightgbm_regressor,crossfit_plr_residual_ols_hc3_v1,primary,,29,severity_index_v2,0.0462756392140297,0.1584865561164858,-0.2643523028080687,0.3569035812361282,0.7702983719558683,-0.45675377937166,-0.4956553953295708,-0.0588267407160964,0.3909057627104627,5653.762335880067,0.894540044851976,1.0,0,0,robustness/causal_robustness_v2/r12/track1_per_cell/track1_per_cell_estimates_v1.csv,-0.1543894330774073,0.0679081771576081,0.0229958956639596,0.20066507229143699,2.333836111498831,0.0,interview,37,31
track1_per_cell,main,share_joint_Rupture_discomposed,joint_continuous,Joint continuous treatments,H3,ipw,ipw_weight_interview_v1,37,5,lightgbm_regressor,crossfit_plr_residual_ols_hc3_v1,primary,,29,age_at_first_exposure,-0.0095296756877598,0.0057867063950858,-0.0208714118112356,0.0018120604357159,0.0995946277428074,-0.6949735969553086,0.7005346292132834,-0.0588267407160964,0.4446821937780363,5653.762335880067,0.2561004713386476,1.0,0,0,robustness/causal_robustness_v2/r12/track1_per_cell/track1_per_cell_estimates_v1.csv,0.0523939834662066,0.0299276679538304,0.0799998155205095,-0.0619236591539664,0.1933564086588032,0.0,interview,37,31
track1_per_cell,main,share_joint_Rupture_discomposed,joint_continuous,Joint continuous treatments,H3,ipw,ipw_weight_interview_v1,37,5,lightgbm_regressor,crossfit_plr_residual_ols_hc3_v1,primary,,29,total_days_incarcerated,-8.945097191415715e-05,3.2502647946341324e-05,-0.0001531549912911,-2.5746952537143407e-05,0.0059212018821068,-0.6949735969553086,-0.3813594560320019,-0.0588267407160964,0.4446821937780363,5653.762335880067,0.053290816938962,0.1953996621095275,0,0,robustness/causal_robustness_v2/r12/track1_per_cell/track1_per_cell_estimates_v1.csv,-2.394460016101076e-06,2.139989320708673e-05,0.9109096635992462,-8.705651189805608e-05,1.5188229040123358,1.0,interview,37,31
track1_per_cell,main,share_joint_Rupture_discomposed,joint_continuous,Joint continuous treatments,H3,ipw,ipw_weight_interview_v1,37,5,lightgbm_regressor,crossfit_plr_residual_ols_hc3_v1,primary,,29,severity_index_v2,-0.0223505893569075,0.1368453429864806,-0.2905625330624406,0.2458613543486254,0.8702606886032567,-0.6949735969553086,-0.4956553953295708,-0.0588267407160964,0.4446821937780363,5653.762335880067,0.8946769459482848,1.0,0,0,robustness/causal_robustness_v2/r12/track1_per_cell/track1_per_cell_estimates_v1.csv,0.0419107897877182,0.0695224236455494,0.5466161683000083,-0.06426137914462571,1.968362663594237,0.0,interview,37,31
track1_per_cell,main,share_joint_Distrust_composed,joint_continuous,Joint continuous treatments,H3,ipw,ipw_weight_interview_v1,37,5,lightgbm_regressor,crossfit_plr_residual_ols_hc3_v1,primary,,29,age_at_first_exposure,-0.022845205269955,0.0076879597060023,-0.0379133294083147,-0.0077770811315952,0.0029629452204448,-0.9323117888701388,0.7005346292132834,-0.0588267407160964,0.3899437566002449,5653.762335880067,0.0355553426453383,0.1007401374951251,1,0,robustness/causal_robustness_v2/r12/track1_per_cell/track1_per_cell_estimates_v1.csv,0.0016314485149317,0.02219093088568,0.941393359431192,-0.0244766537848867,0.3464460209266574,0.0,interview,37,31
track1_per_cell,main,share_joint_Distrust_composed,joint_continuous,Joint continuous treatments,H3,ipw,ipw_weight_interview_v1,37,5,lightgbm_regressor,crossfit_plr_residual_ols_hc3_v1,primary,,29,total_days_incarcerated,0.0001161555477816,4.540747375876571e-05,2.715853458551236e-05,0.0002051525609777,0.0105254559994298,-0.9323117888701388,-0.3813594560320019,-0.0588267407160964,0.3899437566002449,5653.762335880067,0.0631527359965793,0.3289802362844559,0,0,robustness/causal_robustness_v2/r12/track1_per_cell/track1_per_cell_estimates_v1.csv,1.850126609838749e-05,2.329538356455997e-05,0.4270771977257297,9.76542816832125e-05,1.9492048127443409,1.0,interview,37,31
track1_per_cell,main,share_joint_Distrust_composed,joint_continuous,Joint continuous treatments,H3,ipw,ipw_weight_interview_v1,37,5,lightgbm_regressor,crossfit_plr_residual_ols_hc3_v1,primary,,29,severity_index_v2,-0.1760681336804125,0.1479231206988646,-0.4659921227309585,0.1138558553701334,0.2339411358712341,-0.9323117888701388,-0.4956553953295708,-0.0588267407160964,0.3899437566002449,5653.762335880067,0.4210940445682213,1.0,0,0,robustness/causal_robustness_v2/r12/track1_per_cell/track1_per_cell_estimates_v1.csv,0.029860925196916,0.0468904935774151,0.5242404149951592,-0.20592905887732849,3.154650536033429,0.0,interview,37,31
track1_per_cell,main,share_joint_Injury_composed,joint_continuous,Joint continuous treatments,H3,rake,rake_weight_interview_v1,37,5,lightgbm_regressor,crossfit_plr_residual_ols_hc3_v1,primary,,29,age_at_first_exposure,0.004258823347539,0.0029530904365377,-0.0015291275511644,0.0100467742462426,0.149257772579295,-0.368626651297973,0.708284917309079,-0.1655300991743114,0.3338820925064646,5435.942567311411,0.3297386012470139,1.0,0,0,robustness/causal_robustness_v2/r12/track1_per_cell/track1_per_cell_estimates_v1.csv,0.0037565397339553,0.0230481073616987,0.8705287434250556,0.0005022836135837004,0.12812724230212238,1.0,interview,37,31
track1_per_cell,main,share_joint_Injury_composed,joint_continuous,Joint continuous treatments,H3,rake,rake_weight_interview_v1,37,5,lightgbm_regressor,crossfit_plr_residual_ols_hc3_v1,primary,,29,total_days_incarcerated,1.6653541802798669e-06,1.257928866214543e-05,-2.2989598548658214e-05,2.632030690921795e-05,0.8946769459482848,-0.368626651297973,-0.4056305509479347,-0.1655300991743114,0.3338820925064646,5435.942567311411,0.8946769459482848,1.0,0,0,robustness/causal_robustness_v2/r12/track1_per_cell/track1_per_cell_estimates_v1.csv,1.6044416808411866e-06,1.2511487793583455e-05,0.8979610392091656,6.091249943868032e-08,1.0054190892146933,1.0,interview,37,31
track1_per_cell,main,share_joint_Injury_composed,joint_continuous,Joint continuous treatments,H3,rake,rake_weight_interview_v1,37,5,lightgbm_regressor,crossfit_plr_residual_ols_hc3_v1,primary,,29,severity_index_v2,0.1257129935364793,0.0596853007116516,0.0087319537351993,0.2426940333377594,0.0351814362942839,-0.368626651297973,-0.7992446638840787,-0.1655300991743114,0.3338820925064646,5435.942567311411,0.1151392460540202,0.914717343651383,0,0,robustness/causal_robustness_v2/r12/track1_per_cell/track1_per_cell_estimates_v1.csv,-0.0393447638675631,0.0335249281733084,0.2405563789669994,0.1650577574040424,1.7803259831939433,0.0,interview,37,31
track1_per_cell,main,share_joint_Rupture_composed,joint_continuous,Joint continuous treatments,H3,rake,rake_weight_interview_v1,37,5,lightgbm_regressor,crossfit_plr_residual_ols_hc3_v1,primary,,29,age_at_first_exposure,0.0163788096030093,0.0073182698983164,0.0020352641731654,0.0307223550328532,0.0252164078675673,-0.2319538411022426,0.708284917309079,-0.1655300991743114,0.192031975460296,5435.942567311411,0.0995026484846618,0.706059420291885,0,0,robustness/causal_robustness_v2/r12/track1_per_cell/track1_per_cell_estimates_v1.csv,-0.0097598928212472,0.0405143368944936,0.80963283136354,0.026138702424256498,0.18063407818754262,0.0,interview,37,31
track1_per_cell,main,share_joint_Rupture_composed,joint_continuous,Joint continuous treatments,H3,rake,rake_weight_interview_v1,37,5,lightgbm_regressor,crossfit_plr_residual_ols_hc3_v1,primary,,29,total_days_incarcerated,1.9358598738728464e-05,2.145676412714429e-05,-2.2695886175245342e-05,6.141308365270227e-05,0.3669430569642591,-0.2319538411022426,-0.4056305509479347,-0.1655300991743114,0.192031975460296,5435.942567311411,0.5504145854463887,1.0,0,0,robustness/causal_robustness_v2/r12/track1_per_cell/track1_per_cell_estimates_v1.csv,1.1541388391370472e-05,2.5096733216671048e-05,0.6456051389749582,7.817210347357992e-06,0.8549624344291619,1.0,interview,37,31
track1_per_cell,main,share_joint_Rupture_composed,joint_continuous,Joint continuous treatments,H3,rake,rake_weight_interview_v1,37,5,lightgbm_regressor,crossfit_plr_residual_ols_hc3_v1,primary,,29,severity_index_v2,-0.0378154500968152,0.0927003256020526,-0.2195047496319747,0.1438738494383443,0.683323433405004,-0.2319538411022426,-0.7992446638840787,-0.1655300991743114,0.192031975460296,5435.942567311411,0.8482635725027635,1.0,0,0,robustness/causal_robustness_v2/r12/track1_per_cell/track1_per_cell_estimates_v1.csv,-0.1288588507336072,0.067515108641425,0.0563146405301495,0.091043400636792,1.3730308292087203,1.0,interview,37,31
track1_per_cell,main,share_joint_Rupture_discomposed,joint_continuous,Joint continuous treatments,H3,rake,rake_weight_interview_v1,37,5,lightgbm_regressor,crossfit_plr_residual_ols_hc3_v1,primary,,29,age_at_first_exposure,-0.0101566617232077,0.0043449266262296,-0.0186725614260869,-0.0016407620203286,0.0194084711351582,-0.2892625353445506,0.708284917309079,-0.1655300991743114,0.347337850453582,5435.942567311411,0.0873381201082122,0.5628456629195896,0,0,robustness/causal_robustness_v2/r12/track1_per_cell/track1_per_cell_estimates_v1.csv,0.0302300777870654,0.0285017881310647,0.288854474496087,-0.0403867395102731,0.15244400127632599,0.0,interview,37,31
track1_per_cell,main,share_joint_Rupture_discomposed,joint_continuous,Joint continuous treatments,H3,rake,rake_weight_interview_v1,37,5,lightgbm_regressor,crossfit_plr_residual_ols_hc3_v1,primary,,29,total_days_incarcerated,-4.388075034222592e-05,2.871278129477516e-05,-0.0001001567675759,1.2395266891508736e-05,0.1264466555197227,-0.2892625353445506,-0.4056305509479347,-0.1655300991743114,0.347337850453582,5435.942567311411,0.3034719732473345,1.0,0,0,robustness/causal_robustness_v2/r12/track1_per_cell/track1_per_cell_estimates_v1.csv,-8.290781804134906e-06,2.307310692782184e-05,0.7193507533740584,-3.558996853809101e-05,1.244426309148376,1.0,interview,37,31
track1_per_cell,main,share_joint_Rupture_discomposed,joint_continuous,Joint continuous treatments,H3,rake,rake_weight_interview_v1,37,5,lightgbm_regressor,crossfit_plr_residual_ols_hc3_v1,primary,,29,severity_index_v2,-0.1140641646207994,0.112743175484377,-0.3350367280728576,0.1069083988312587,0.3116734809319506,-0.2892625353445506,-0.7992446638840787,-0.1655300991743114,0.347337850453582,5435.942567311411,0.5100111506159191,1.0,0,0,robustness/causal_robustness_v2/r12/track1_per_cell/track1_per_cell_estimates_v1.csv,0.0763756818474256,0.0727861933465865,0.2940329282865787,-0.19043984646822498,1.5489637567323664,0.0,interview,37,31
track1_per_cell,main,share_joint_Distrust_composed,joint_continuous,Joint continuous treatments,H3,rake,rake_weight_interview_v1,37,5,lightgbm_regressor,crossfit_plr_residual_ols_hc3_v1,primary,,29,age_at_first_exposure,-0.0119822080741786,0.0071353809808519,-0.0259672978126204,0.0020028816642631,0.0931000668564426,-0.4509844223307433,0.708284917309079,-0.1655300991743114,0.1645023664589472,5435.942567311411,0.2561004713386476,1.0,0,0,robustness/causal_robustness_v2/r12/track1_per_cell/track1_per_cell_estimates_v1.csv,-0.0093702442694317,0.0131810729330806,0.4771546914871128,-0.0026119638047468995,0.541335369061209,1.0,interview,37,31
track1_per_cell,main,share_joint_Distrust_composed,joint_continuous,Joint continuous treatments,H3,rake,rake_weight_interview_v1,37,5,lightgbm_regressor,crossfit_plr_residual_ols_hc3_v1,primary,,29,total_days_incarcerated,3.5496343008384405e-05,2.50036052731284e-05,-1.3509822810603049e-05,8.450250882737186e-05,0.1557098950333121,-0.4509844223307433,-0.4056305509479347,-0.1655300991743114,0.1645023664589472,5435.942567311411,0.3297386012470139,1.0,0,0,robustness/causal_robustness_v2/r12/track1_per_cell/track1_per_cell_estimates_v1.csv,2.774285686882495e-05,2.4892154684124164e-05,0.2650552627240625,7.753486139559454e-06,1.0044773379572205,1.0,interview,37,31
track1_per_cell,main,share_joint_Distrust_composed,joint_continuous,Joint continuous treatments,H3,rake,rake_weight_interview_v1,37,5,lightgbm_regressor,crossfit_plr_residual_ols_hc3_v1,primary,,29,severity_index_v2,0.0123114439699048,0.0915563267515816,-0.1671356590199762,0.1917585469597859,0.8930321005258497,-0.4509844223307433,-0.7992446638840787,-0.1655300991743114,0.1645023664589472,5435.942567311411,0.8946769459482848,1.0,0,0,robustness/causal_robustness_v2/r12/track1_per_cell/track1_per_cell_estimates_v1.csv,0.014978706251866,0.047440223581216,0.7522009821102914,-0.0026672622819611993,1.9299303384361242,1.0,interview,37,31
track2,main,authority_stance,joint_continuous,Joint continuous treatments,H3,unweighted,,37,5,lightgbm_regressor,crossfit_plr_residual_ols_hc3_v1,primary,,29,age_at_first_exposure,0.0007198943019163,0.0016938137995321,-0.0025999197416834,0.0040397083455162,0.6708265879021782,-0.1769631260984216,0.7006694322350749,-0.0804886625040963,0.2867412630614576,4265.018964247611,0.7546799113899505,1.0,0,0,robustness/causal_robustness_v2/r12/track2/track2_estimates_v1.csv,0.0063661278803358,0.0103246899477731,0.5375034472500901,-0.0056462335784195,0.16405468910932608,1.0,interview,37,31
track2,main,authority_stance,joint_continuous,Joint continuous treatments,H3,unweighted,,37,5,lightgbm_regressor,crossfit_plr_residual_ols_hc3_v1,primary,,29,total_days_incarcerated,2.5146378331649747e-05,1.0792463929329168e-05,3.993537725716944e-06,4.629921893758255e-05,0.0198064578017994,-0.1769631260984216,-0.3321083735021124,-0.0804886625040963,0.2867412630614576,4265.018964247611,0.0594193734053984,0.3763226982341901,0,0,robustness/causal_robustness_v2/r12/track2/track2_estimates_v1.csv,6.520093367756771e-06,3.736164136703724e-06,0.0809621844424519,1.8626284963892975e-05,2.8886482323688676,1.0,interview,37,31
track2,main,authority_stance,joint_continuous,Joint continuous treatments,H3,unweighted,,37,5,lightgbm_regressor,crossfit_plr_residual_ols_hc3_v1,primary,,29,severity_index_v2,0.0453624170670855,0.0422574819352192,-0.037460725603296,0.1281855597374673,0.2830573424111704,-0.1769631260984216,-0.6100270462452515,-0.0804886625040963,0.2867412630614576,4265.018964247611,0.4245860136167556,1.0,0,0,robustness/causal_robustness_v2/r12/track2/track2_estimates_v1.csv,0.0214684323885979,0.0103072173665794,0.0372645029791449,0.0238939846784876,4.099795360116962,1.0,interview,37,31
track2,main,belonging_stance,joint_continuous,Joint continuous treatments,H3,unweighted,,37,5,lightgbm_regressor,crossfit_plr_residual_ols_hc3_v1,primary,,29,age_at_first_exposure,0.0083626436795601,0.0050126188264356,-0.0014619086884812,0.0181871960476014,0.0952525585986866,-0.0158619161652993,0.7006694322350749,-0.0804886625040963,0.1777312181601728,4265.018964247611,0.2143182568470449,1.0,0,0,robustness/causal_robustness_v2/r12/track2/track2_estimates_v1.csv,0.0096986105226265,0.0074500919862248,0.192981056526297,-0.0013359668430663989,0.6728264343183841,1.0,interview,37,31
track2,main,belonging_stance,joint_continuous,Joint continuous treatments,H3,unweighted,,37,5,lightgbm_regressor,crossfit_plr_residual_ols_hc3_v1,primary,,29,total_days_incarcerated,2.4678681286531496e-05,1.4037760284987056e-05,-2.8348232956498588e-06,5.219218586871285e-05,0.078743888808554,-0.0158619161652993,-0.3321083735021124,-0.0804886625040963,0.1777312181601728,4265.018964247611,0.1932804543482691,1.0,0,0,robustness/causal_robustness_v2/r12/track2/track2_estimates_v1.csv,4.8641071739827965e-06,4.615984263465654e-06,0.2919960258550378,1.98145741125487e-05,3.0411196147466035,1.0,interview,37,31
track2,main,belonging_stance,joint_continuous,Joint continuous treatments,H3,unweighted,,37,5,lightgbm_regressor,crossfit_plr_residual_ols_hc3_v1,primary,,29,severity_index_v2,-0.012633243845776,0.0624408810583394,-0.1350151218830706,0.1097486341915186,0.8396640016918401,-0.0158619161652993,-0.6100270462452515,-0.0804886625040963,0.1777312181601728,4265.018964247611,0.8396640016918401,1.0,0,0,robustness/causal_robustness_v2/r12/track2/track2_estimates_v1.csv,0.0198302118884475,0.0135583124871627,0.143580416462742,-0.032463455734223504,4.605357865697502,0.0,interview,37,31
track2,main,how_multimodal_score_mean,joint_continuous,Joint continuous treatments,H3,unweighted,,37,5,lightgbm_regressor,crossfit_plr_residual_ols_hc3_v1,primary,,29,age_at_first_exposure,0.0064077431260716,0.00716671536796,-0.0076387608825798,0.0204542471347231,0.3712696646646402,-0.0335101351654212,0.7006694322350749,-0.0804886625040963,0.0914425216066089,4265.018964247611,0.5012140472972643,1.0,0,0,robustness/causal_robustness_v2/r12/track2/track2_estimates_v1.csv,0.0085641293064146,0.0138495441657742,0.5363321024194657,-0.0021563861803430007,0.5174694042039885,1.0,interview,37,31
track2,main,how_multimodal_score_mean,joint_continuous,Joint continuous treatments,H3,unweighted,,37,5,lightgbm_regressor,crossfit_plr_residual_ols_hc3_v1,primary,,29,total_days_incarcerated,2.4411911178106776e-05,2.580233256173649e-05,-2.615973136002186e-05,7.498355371623542e-05,0.3440911729973888,-0.0335101351654212,-0.3321083735021124,-0.0804886625040963,0.0914425216066089,4265.018964247611,0.4889716668910261,1.0,0,0,robustness/causal_robustness_v2/r12/track2/track2_estimates_v1.csv,-4.513825575621248e-06,9.56492254889235e-06,0.636987822804426,2.8925736753728025e-05,2.6975997379847563,0.0,interview,37,31
track2,main,how_multimodal_score_mean,joint_continuous,Joint continuous treatments,H3,unweighted,,37,5,lightgbm_regressor,crossfit_plr_residual_ols_hc3_v1,primary,,29,severity_index_v2,-0.1548691174262105,0.0974286829317879,-0.3458258270336871,0.036087592181266,0.111933139239633,-0.0335101351654212,-0.6100270462452515,-0.0804886625040963,0.0914425216066089,4265.018964247611,0.2158710542478638,1.0,0,0,robustness/causal_robustness_v2/r12/track2/track2_estimates_v1.csv,0.0226536840429656,0.0280934827718789,0.4200307225965584,-0.17752280146917612,3.4680172523611903,0.0,interview,37,31
track2,main,authority_stance,joint_continuous,Joint continuous treatments,H3,ipw,ipw_weight_interview_v1,37,5,lightgbm_regressor,crossfit_plr_residual_ols_hc3_v1,primary,,29,age_at_first_exposure,-0.0038221171910246,0.0014615651808724,-0.0066867323065924,-0.0009575020754568,0.0089205250832717,-0.7635698270095679,0.7005346292132834,-0.0588267407160964,0.6585970906497102,5653.762335880067,0.0454646366659865,0.2051720769152512,1,0,robustness/causal_robustness_v2/r12/track2/track2_estimates_v1.csv,0.0035636706557085,0.0092590825470131,0.7003235263750347,-0.0073857878467331,0.15785205212841397,0.0,interview,37,31
track2,main,authority_stance,joint_continuous,Joint continuous treatments,H3,ipw,ipw_weight_interview_v1,37,5,lightgbm_regressor,crossfit_plr_residual_ols_hc3_v1,primary,,29,total_days_incarcerated,3.422487127511341e-05,8.777783029915656e-06,1.702073267237185e-05,5.142900987785496e-05,9.657735975564055e-05,-0.7635698270095679,-0.3813594560320019,-0.0588267407160964,0.6585970906497102,5653.762335880067,0.0013037943567011,0.0025110113536466,1,1,robustness/causal_robustness_v2/r12/track2/track2_estimates_v1.csv,8.26013450403897e-06,5.126554732201518e-06,0.107126383172515,2.596473677107444e-05,1.712218729428482,1.0,interview,37,31
track2,main,authority_stance,joint_continuous,Joint continuous treatments,H3,ipw,ipw_weight_interview_v1,37,5,lightgbm_regressor,crossfit_plr_residual_ols_hc3_v1,primary,,29,severity_index_v2,0.0723655326066574,0.0298685353900869,0.0138242789711269,0.1309067862421878,0.0154013392736562,-0.7635698270095679,-0.4956553953295708,-0.0588267407160964,0.6585970906497102,5653.762335880067,0.0519795200485897,0.3080267854731244,0,0,robustness/causal_robustness_v2/r12/track2/track2_estimates_v1.csv,0.0409080575226832,0.0127573935741981,0.0013430632067406,0.0314574750839742,2.341272550413133,1.0,interview,37,31
track2,main,belonging_stance,joint_continuous,Joint continuous treatments,H3,ipw,ipw_weight_interview_v1,37,5,lightgbm_regressor,crossfit_plr_residual_ols_hc3_v1,primary,,29,age_at_first_exposure,0.0147302311684544,0.0051620713314217,0.0046127572732411,0.0248477050636677,0.0043233657432335,-0.4201038068524689,0.7005346292132834,-0.0588267407160964,0.279150064071781,5653.762335880067,0.0316457954736364,0.1080841435808387,1,0,robustness/causal_robustness_v2/r12/track2/track2_estimates_v1.csv,0.017765020267067,0.0092660419805563,0.0552102724768018,-0.0030347890986126003,0.5570956123718951,1.0,interview,37,31
track2,main,belonging_stance,joint_continuous,Joint continuous treatments,H3,ipw,ipw_weight_interview_v1,37,5,lightgbm_regressor,crossfit_plr_residual_ols_hc3_v1,primary,,29,total_days_incarcerated,-3.835968570669955e-05,2.405498724830569e-05,-8.550659436194896e-05,8.787222948549856e-06,0.1107868016599445,-0.4201038068524689,-0.3813594560320019,-0.0588267407160964,0.279150064071781,5653.762335880067,0.2158710542478638,1.0,0,0,robustness/causal_robustness_v2/r12/track2/track2_estimates_v1.csv,4.932547311482061e-06,5.912857673697383e-06,0.4041643424754189,-4.3292233018181605e-05,4.068250679415358,0.0,interview,37,31
track2,main,belonging_stance,joint_continuous,Joint continuous treatments,H3,ipw,ipw_weight_interview_v1,37,5,lightgbm_regressor,crossfit_plr_residual_ols_hc3_v1,primary,,29,severity_index_v2,0.0976487683344848,0.0774119196959819,-0.0540758062437465,0.2493733429127163,0.2071583822489749,-0.4201038068524689,-0.4956553953295708,-0.0588267407160964,0.279150064071781,5653.762335880067,0.3290162541601367,1.0,0,0,robustness/causal_robustness_v2/r12/track2/track2_estimates_v1.csv,-0.0001256528011776,0.0182716696273877,0.994513055352366,0.0977744211356624,4.236718443067071,0.0,interview,37,31
track2,main,how_multimodal_score_mean,joint_continuous,Joint continuous treatments,H3,ipw,ipw_weight_interview_v1,37,5,lightgbm_regressor,crossfit_plr_residual_ols_hc3_v1,primary,,29,age_at_first_exposure,0.0160138865990312,0.0064783826469197,0.0033164899329992,0.0287112832650632,0.0134398698538546,-0.5431805931174227,0.7005346292132834,-0.0588267407160964,0.2154046589095979,5653.762335880067,0.051839498007725,0.2822372669309476,0,0,robustness/causal_robustness_v2/r12/track2/track2_estimates_v1.csv,0.0177142955776383,0.0174096876999245,0.3089173161790555,-0.0017004089786070986,0.37211366215074576,1.0,interview,37,31
track2,main,how_multimodal_score_mean,joint_continuous,Joint continuous treatments,H3,ipw,ipw_weight_interview_v1,37,5,lightgbm_regressor,crossfit_plr_residual_ols_hc3_v1,primary,,29,total_days_incarcerated,-2.563919432287251e-05,3.5036961920578186e-05,-9.431037781490708e-05,4.3031989169162055e-05,0.4643055356547204,-0.5431805931174227,-0.3813594560320019,-0.0588267407160964,0.2154046589095979,5653.762335880067,0.5969642601274977,1.0,0,0,robustness/causal_robustness_v2/r12/track2/track2_estimates_v1.csv,-5.568153217406437e-06,1.2421761586798597e-05,0.6539670541005654,-2.0071041105466075e-05,2.8206113662505174,1.0,interview,37,31
track2,main,how_multimodal_score_mean,joint_continuous,Joint continuous treatments,H3,ipw,ipw_weight_interview_v1,37,5,lightgbm_regressor,crossfit_plr_residual_ols_hc3_v1,primary,,29,severity_index_v2,-0.0671719252592557,0.1245366334137685,-0.3112592415061095,0.176915390987598,0.5896282461284796,-0.5431805931174227,-0.4956553953295708,-0.0588267407160964,0.2154046589095979,5653.762335880067,0.7236346657031342,1.0,0,0,robustness/causal_robustness_v2/r12/track2/track2_estimates_v1.csv,0.0429441392186785,0.0382762582220299,0.2618826853826871,-0.11011606447793419,3.25362611704013,0.0,interview,37,31
track2,main,authority_stance,joint_continuous,Joint continuous treatments,H3,rake,rake_weight_interview_v1,37,5,lightgbm_regressor,crossfit_plr_residual_ols_hc3_v1,primary,,29,age_at_first_exposure,-0.0028185359935722,0.0015867988930767,-0.0059286046747108,0.0002915326875662,0.0756933338792335,-0.785379896360854,0.708284917309079,-0.1655300991743114,0.677497384004772,5435.942567311411,0.1932804543482691,1.0,0,0,robustness/causal_robustness_v2/r12/track2/track2_estimates_v1.csv,-0.0011101584151008,0.0058302830603696,0.84898595141046,-0.0017083775784713998,0.27216498352587837,1.0,interview,37,31
track2,main,authority_stance,joint_continuous,Joint continuous treatments,H3,rake,rake_weight_interview_v1,37,5,lightgbm_regressor,crossfit_plr_residual_ols_hc3_v1,primary,,29,total_days_incarcerated,3.1735667256440266e-05,6.653705630183687e-06,1.869464385754885e-05,4.477669065533168e-05,1.8457103827603784e-06,-0.785379896360854,-0.4056305509479347,-0.1655300991743114,0.677497384004772,5435.942567311411,4.983418033453022e-05,4.983418033453022e-05,1,1,robustness/causal_robustness_v2/r12/track2/track2_estimates_v1.csv,9.132077143229242e-06,4.999587109126483e-06,0.0677650097594357,2.2603590113211023e-05,1.3308510252852075,1.0,interview,37,31
track2,main,authority_stance,joint_continuous,Joint continuous treatments,H3,rake,rake_weight_interview_v1,37,5,lightgbm_regressor,crossfit_plr_residual_ols_hc3_v1,primary,,29,severity_index_v2,0.0750543611854839,0.026542479452385,0.0230320573984149,0.127076664972553,0.0046882659960942,-0.785379896360854,-0.7992446638840787,-0.1655300991743114,0.677497384004772,5435.942567311411,0.0316457954736364,0.112518383906263,1,0,robustness/causal_robustness_v2/r12/track2/track2_estimates_v1.csv,0.0381464220914733,0.0141664685094011,0.0070870425235017,0.036907939094010606,1.873612992170277,1.0,interview,37,31
track2,main,belonging_stance,joint_continuous,Joint continuous treatments,H3,rake,rake_weight_interview_v1,37,5,lightgbm_regressor,crossfit_plr_residual_ols_hc3_v1,primary,,29,age_at_first_exposure,0.0072752883049398,0.005522344276373,-0.0035483075869822,0.0180988841968619,0.1876953625302037,-0.1767266099863063,0.708284917309079,-0.1655300991743114,0.1142173935794367,5435.942567311411,0.3167359242697187,1.0,0,0,robustness/causal_robustness_v2/r12/track2/track2_estimates_v1.csv,0.0176289479380256,0.0109283297271488,0.1067136556026035,-0.0103536596330858,0.5053237241418574,1.0,interview,37,31
track2,main,belonging_stance,joint_continuous,Joint continuous treatments,H3,rake,rake_weight_interview_v1,37,5,lightgbm_regressor,crossfit_plr_residual_ols_hc3_v1,primary,,29,total_days_incarcerated,4.456815015998647e-06,1.4733758156251976e-05,-2.4420820327178493e-05,3.333445035917579e-05,0.7622785290276384,-0.1767266099863063,-0.4056305509479347,-0.1655300991743114,0.1142173935794367,5435.942567311411,0.7973189691250472,1.0,0,0,robustness/causal_robustness_v2/r12/track2/track2_estimates_v1.csv,1.8015140322706813e-07,6.33167611387444e-06,0.9773013291983884,4.276663612771579e-06,2.3269917619390332,1.0,interview,37,31
track2,main,belonging_stance,joint_continuous,Joint continuous treatments,H3,rake,rake_weight_interview_v1,37,5,lightgbm_regressor,crossfit_plr_residual_ols_hc3_v1,primary,,29,severity_index_v2,-0.0182484875412214,0.0618029899968655,-0.1393801220719672,0.1028831469895243,0.7677886369352306,-0.1767266099863063,-0.7992446638840787,-0.1655300991743114,0.1142173935794367,5435.942567311411,0.7973189691250472,1.0,0,0,robustness/causal_robustness_v2/r12/track2/track2_estimates_v1.csv,0.0315280919248631,0.0188547757235551,0.0944939243044099,-0.04977657946608449,3.2778427546955964,0.0,interview,37,31
track2,main,how_multimodal_score_mean,joint_continuous,Joint continuous treatments,H3,rake,rake_weight_interview_v1,37,5,lightgbm_regressor,crossfit_plr_residual_ols_hc3_v1,primary,,29,age_at_first_exposure,0.0034239181373222,0.0077301617703151,-0.0117269205271639,0.0185747568018084,0.6578165933033804,-0.2190753113232366,0.708284917309079,-0.1655300991743114,0.1457280690574938,5435.942567311411,0.7546799113899505,1.0,0,0,robustness/causal_robustness_v2/r12/track2/track2_estimates_v1.csv,0.0028213885704086,0.0178591256327713,0.8744723862779221,0.0006025295669135999,0.4328409984490135,1.0,interview,37,31
track2,main,how_multimodal_score_mean,joint_continuous,Joint continuous treatments,H3,rake,rake_weight_interview_v1,37,5,lightgbm_regressor,crossfit_plr_residual_ols_hc3_v1,primary,,29,total_days_incarcerated,2.4801007788914745e-05,1.8097770528728844e-05,-1.0669970647864204e-05,6.0271986225693694e-05,0.170565122457981,-0.2190753113232366,-0.4056305509479347,-0.1655300991743114,0.1457280690574938,5435.942567311411,0.3070172204243659,1.0,0,0,robustness/causal_robustness_v2/r12/track2/track2_estimates_v1.csv,-1.189004417768675e-05,1.2355950209389966e-05,0.3359024530730623,3.669105196660149e-05,1.4647008301292241,0.0,interview,37,31
track2,main,how_multimodal_score_mean,joint_continuous,Joint continuous treatments,H3,rake,rake_weight_interview_v1,37,5,lightgbm_regressor,crossfit_plr_residual_ols_hc3_v1,primary,,29,severity_index_v2,-0.2120082920986561,0.0824205305027814,-0.3735495634707926,-0.0504670207265195,0.0101032525924414,-0.2190753113232366,-0.7992446638840787,-0.1655300991743114,0.1457280690574938,5435.942567311411,0.0454646366659865,0.2222715570337122,1,0,robustness/causal_robustness_v2/r12/track2/track2_estimates_v1.csv,0.0554466491286924,0.0386606174999549,0.1515182114595639,-0.2674549412273485,2.13189896676838,0.0,interview,37,31
