narrator_id,n_segments_total,transcript_word_count,n_candidate_segments,technical_gap_ratio,reflection_sparsity,treatment_observed_flag,adolescent_exposure_flag,total_days_incarcerated,age_at_first_exposure,birth_year,gender,generation,interview_year,observability_tier
1,46,716,0,0.0,1.0,1,1.0,1312.0,17.333,1925.0,male,Nisei,2003.0,A
10,25,777,0,0.0,1.0,1,1.0,1530.0,12.333,1930.0,male,Nisei,1997.0,A
100,23,945,0,0.0,1.0,1,0.0,1329.0,23.417,1919.0,female,Nisei,1994.0,A
1002,25,150,0,0.0,1.0,1,1.0,1470.0,12.417,1930.0,female,Nisei,2022.0,A
1003,21,130,0,0.0,1.0,1,0.0,1312.0,1.333,1941.0,female,Nisei,2022.0,A
1004,25,165,0,0.0,1.0,1,1.0,1312.0,15.333,1927.0,female,Nisei,2022.0,A
1005,25,135,0,0.0,1.0,1,1.0,1312.0,11.333,1931.0,female,Nisei,2022.0,A
1006,23,154,0,0.0,1.0,1,1.0,1036.0,12.25,1931.0,female,Sansei,2022.0,A
1007,25,161,0,0.0,1.0,1,1.0,1277.0,11.417,1931.0,male,Sansei,2022.0,A
1008,25,171,0,0.0,1.0,1,0.0,1295.0,9.417,1933.0,male,Nisei,2022.0,A
1010,12,50,0,0.0,1.0,1,0.0,1312.0,5.333,1937.0,female,Sansei,2022.0,C
1013,16,109,0,0.0,1.0,1,0.0,1359.0,1.25,1941.0,female,Sansei,2022.0,A
1019,20,120,0,0.0,1.0,1,0.0,300.0,0.083,1945.0,female,Sansei,2023.0,A
102,25,189,0,0.0,1.0,1,0.0,1393.0,21.417,1921.0,female,Nisei,1996.0,A
104,25,635,0,0.0,1.0,1,0.0,1312.0,19.333,1923.0,male,Nisei,1998.0,A
1053,20,105,0,0.0,1.0,1,1.0,1306.0,13.417,1929.0,female,Nisei,2023.0,A
1054,9,50,0,0.0,1.0,1,0.0,2615.0,22.25,1920.0,female,Nisei,1994.0,C
1055,7,42,0,0.0,1.0,1,0.0,1314.0,21.333,1921.0,male,Nisei,1994.0,C
1056,9,52,0,0.0,1.0,1,1.0,1343.0,16.333,1926.0,male,Nisei,1994.0,C
1057,7,39,0,0.0,1.0,1,0.0,2489.0,20.333,1922.0,male,Nisei,1994.0,C
1058,8,52,0,0.0,1.0,1,0.0,1275.0,25.5,1917.0,male,Nisei,1994.0,C
1060,7,34,0,0.0,1.0,1,0.0,1295.0,24.417,1918.0,female,Nisei,1994.0,C
1062,8,44,0,0.0,1.0,1,0.0,1314.0,25.333,1917.0,male,Nisei,1994.0,C
1063,7,35,0,0.0,1.0,1,0.0,1312.0,23.333,1919.0,female,Nisei,1994.0,C
1064,11,52,0,0.0,1.0,1,,2662.0,,,female,Nisei,1994.0,C
1065,14,93,0,0.0,1.0,1,0.0,1383.0,26.25,1916.0,male,Nisei,1994.0,C
1066,8,46,0,0.0,1.0,1,0.0,1343.0,8.333,1934.0,male,Sansei,1994.0,C
1067,9,60,0,0.0,1.0,1,0.0,810.0,27.417,1915.0,male,Kibei,1994.0,C
1068,9,54,0,0.0,1.0,1,0.0,1312.0,2.333,1940.0,male,Sansei,1994.0,C
1069,9,46,0,0.0,1.0,1,0.0,1277.0,23.417,1919.0,male,Nisei,1994.0,C
107,42,402,0,0.0,1.0,1,0.0,2688.0,20.417,1922.0,male,Nisei,1998.0,A
1070,17,123,0,0.0,1.0,1,0.0,1062.0,0.083,1943.0,male,Sansei,2023.0,A
1071,18,119,0,0.0,1.0,1,0.0,443.0,0.083,1945.0,female,Sansei,2023.0,A
1075,17,97,0,0.0,1.0,1,1.0,1269.0,15.5,1927.0,male,Sansei,2023.0,C
1076,19,95,0,0.0,1.0,1,0.0,1343.0,4.333,1938.0,male,Sansei,2023.0,C
1078,19,101,0,0.0,1.0,1,0.0,2538.0,4.417,1938.0,female,Sansei,2023.0,A
108,42,448,0,0.0,1.0,1,0.0,1312.0,19.333,1923.0,male,Nisei,2001.0,A
1082,25,132,0,0.0,1.0,1,0.0,1215.0,8.583,1934.0,male,Sansei,2023.0,A
1083,25,173,0,0.0,1.0,1,0.0,1018.0,0.083,1943.0,male,,2024.0,A
1084,25,139,0,0.0,1.0,1,0.0,1393.0,1.417,1941.0,female,Sansei,2024.0,A
11,25,228,0,0.0,1.0,1,1.0,1312.0,17.333,1925.0,male,Nisei,1997.0,A
111,50,1217,0,0.0,1.0,1,0.0,3255.0,35.333,1907.0,female,Issei,1999.0,A
113,21,657,0,0.0,1.0,1,0.0,1312.0,20.333,1922.0,male,Nisei,2000.0,A
114,13,386,0,0.0,1.0,1,1.0,2645.0,17.417,1925.0,male,Nisei,2000.0,A
116,25,1096,0,0.0,1.0,1,0.0,2579.0,35.417,1907.0,female,Issei,2000.0,A
117,11,282,0,0.0,1.0,1,0.0,4611.0,22.417,1920.0,male,Nisei,2000.0,A
118,10,239,0,0.0,1.0,1,1.0,2579.0,16.417,1926.0,female,Nisei,2000.0,A
12,25,207,0,0.0,1.0,1,0.0,1312.0,9.333,1933.0,female,Nisei,1998.0,A
120,17,1191,0,0.0,1.0,1,0.0,1393.0,32.417,1910.0,female,Kibei,2000.0,A
121,48,1507,0,0.0,1.0,1,1.0,1306.0,18.417,1924.0,male,Nisei,2000.0,A
123,47,540,0,0.0,1.0,1,0.0,1269.0,22.5,1920.0,male,Nisei,2000.0,A
124,32,470,0,0.0,1.0,1,0.0,2498.0,27.333,1915.0,male,Nisei,2001.0,A
125,44,1687,0,0.0,1.0,1,1.0,1400.0,18.25,1924.0,male,Nisei,2001.0,A
126,25,297,0,0.0,1.0,1,0.0,1275.0,20.5,1922.0,male,Nisei,2002.0,A
129,50,5297,0,0.0,1.0,1,0.0,2705.0,19.333,1923.0,female,Nisei,2002.0,A
130,46,4565,0,0.0,1.0,1,1.0,3255.0,10.333,1932.0,male,Nisei,2002.0,A
131,50,5307,0,0.0,1.0,1,0.0,1312.0,20.333,1922.0,male,Nisei,2002.0,A
132,24,274,0,0.0,1.0,1,0.0,1317.0,26.417,1916.0,female,Nisei,2002.0,A
133,22,250,0,0.0,1.0,1,0.0,1312.0,31.333,1911.0,female,Nisei,2002.0,A
135,24,305,0,0.0,1.0,1,0.0,1175.0,3.667,1939.0,male,Sansei,2003.0,A
136,25,280,0,0.0,1.0,1,0.0,1312.0,22.333,1920.0,female,Nisei,2003.0,A
139,41,1470,0,0.0,1.0,1,0.0,1445.0,20.417,1922.0,male,Nisei,2004.0,A
14,25,174,0,0.0,1.0,1,0.0,2645.0,21.417,1921.0,female,Nisei,1998.0,A
140,43,1995,0,0.0,1.0,1,1.0,1470.0,16.417,1926.0,male,Nisei,1983.0,A
141,25,1626,0,0.0,1.0,1,0.0,2662.0,35.417,1907.0,male,Nisei,1994.0,A
142,55,3459,0,0.0,1.0,1,0.0,1295.0,26.417,1916.0,male,Nisei,1994.0,A
143,17,1079,0,0.0,1.0,1,0.0,1275.0,21.5,1921.0,female,Nisei,1994.0,A
147,24,274,0,0.0,1.0,1,1.0,1312.0,14.333,1928.0,female,Nisei,2003.0,A
149,23,250,0,0.0,1.0,1,1.0,3336.0,12.417,1930.0,male,Nisei,2003.0,A
150,23,278,0,0.0,1.0,1,0.0,2645.0,9.417,1933.0,female,Nisei,2003.0,A
151,57,2393,0,0.0,1.0,1,0.0,847.0,29.25,1913.0,male,Nisei,2003.0,A
16,45,325,0,0.0,1.0,1,0.0,2444.0,31.5,1911.0,female,Nisei,1998.0,A
17,25,213,0,0.0,1.0,1,0.0,2645.0,23.417,1919.0,male,Nisei,1997.0,A
170,37,374,0,0.0,1.0,1,0.0,2662.0,20.417,1922.0,male,Nisei,2010.0,A
174,66,485,0,0.0,1.0,1,0.0,1444.0,19.417,1923.0,female,Nisei,2004.0,A
178,25,326,0,0.0,1.0,1,1.0,2707.0,13.333,1929.0,male,Nisei,2004.0,A
179,20,193,0,0.0,1.0,1,0.0,2645.0,7.417,1935.0,male,Sansei,2004.0,A
18,52,2051,0,0.0,1.0,1,1.0,1902.0,18.5,1924.0,female,Nisei,2009.0,A
180,14,204,0,0.0,1.0,1,0.0,2240.0,20.25,1922.0,male,Nisei,2004.0,A
181,24,245,0,0.0,1.0,1,0.0,1312.0,21.333,1921.0,female,Nisei,2004.0,A
184,25,207,0,0.0,1.0,1,0.0,2645.0,33.417,1909.0,female,Nisei,2004.0,A
185,23,207,0,0.0,1.0,1,0.0,1312.0,20.333,1922.0,female,Nisei,2004.0,A
186,22,1007,0,0.0,1.0,1,1.0,1329.0,18.417,1924.0,male,Nisei,2004.0,A
187,16,746,0,0.0,1.0,1,1.0,1400.0,11.25,1931.0,male,Nisei,2004.0,A
188,23,1045,0,0.0,1.0,1,0.0,1400.0,4.25,1938.0,male,Sansei,2004.0,A
189,24,238,0,0.0,1.0,1,1.0,1312.0,10.333,1932.0,male,Nisei,2004.0,A
191,23,184,0,0.0,1.0,1,0.0,1312.0,26.333,1916.0,female,Nisei,2004.0,A
192,25,1167,0,0.0,1.0,1,1.0,1275.0,12.5,1930.0,female,Nisei,2004.0,A
193,18,854,0,0.0,1.0,1,1.0,1400.0,18.25,1924.0,male,Nisei,2004.0,A
195,39,1177,0,0.0,1.0,1,0.0,1314.0,29.333,1913.0,male,Nisei,2005.0,A
196,69,1237,0,0.0,1.0,1,0.0,1400.0,30.25,1912.0,male,Nisei,2005.0,A
198,23,643,0,0.0,1.0,1,0.0,1358.0,23.0,1920.0,female,Nisei,2005.0,A
2,40,1401,0,0.0,1.0,1,0.0,1312.0,22.333,1920.0,male,Nisei,1997.0,A
205,34,1506,0,0.0,1.0,1,0.0,1314.0,23.333,1919.0,male,Nisei,1983.0,A
207,28,374,0,0.0,1.0,1,1.0,1312.0,18.333,1924.0,male,Nisei,2003.0,A
209,49,405,0,0.0,1.0,1,0.0,2645.0,25.417,1917.0,male,Nisei,2006.0,A
21,25,195,0,0.0,1.0,1,1.0,2705.0,16.333,1926.0,female,Nisei,1998.0,A
210,19,717,0,0.0,1.0,1,0.0,1175.0,19.667,1923.0,female,Nisei,2006.0,A
211,25,968,0,0.0,1.0,1,0.0,2461.0,19.5,1923.0,male,Nisei,2006.0,A
212,25,973,0,0.0,1.0,1,0.0,2444.0,25.5,1917.0,male,Nisei,2006.0,A
214,25,194,0,0.0,1.0,1,0.0,2705.0,24.333,1918.0,female,Nisei,2006.0,A
221,36,1584,0,0.0,1.0,1,0.0,1312.0,21.333,1921.0,male,Nisei,2003.0,A
222,20,744,0,0.0,1.0,1,1.0,1317.0,15.417,1927.0,female,Nisei,2006.0,A
23,24,190,0,0.0,1.0,1,0.0,1470.0,32.417,1910.0,male,Nisei,1998.0,A
231,20,189,0,0.0,1.0,1,0.0,1269.0,8.5,1934.0,male,Nisei,2009.0,A
232,36,210,0,0.0,1.0,1,0.0,1269.0,29.5,1913.0,male,Nisei,2009.0,A
233,17,113,0,0.0,1.0,1,0.0,1269.0,21.5,1921.0,male,Nisei,2002.0,A
234,15,128,0,0.0,1.0,1,1.0,1269.0,18.5,1924.0,male,Nisei,2002.0,A
235,26,1433,0,0.0,1.0,1,1.0,1269.0,18.5,1924.0,male,Nisei,2010.0,A
236,43,298,0,0.0,1.0,1,1.0,1902.0,17.5,1925.0,female,Nisei,2002.0,A
237,17,172,0,0.0,1.0,1,1.0,1269.0,17.5,1925.0,male,Nisei,2002.0,A
239,18,155,0,0.0,1.0,1,0.0,1269.0,21.5,1921.0,male,Nisei,2002.0,A
244,16,93,0,0.0,1.0,1,0.0,1269.0,26.5,1916.0,male,Nisei,2006.0,C
245,17,116,0,0.0,1.0,1,0.0,2444.0,23.5,1919.0,female,Nisei,2006.0,A
246,29,793,0,0.0,1.0,1,0.0,1269.0,23.5,1919.0,female,Nisei,2008.0,A
247,16,109,0,0.0,1.0,1,0.0,1269.0,19.5,1923.0,male,Nisei,2006.0,A
248,12,98,0,0.0,1.0,1,1.0,2444.0,16.5,1926.0,male,Nisei,2006.0,A
249,19,161,0,0.0,1.0,1,1.0,1269.0,15.5,1927.0,female,Nisei,2006.0,A
250,15,104,0,0.0,1.0,1,0.0,2444.0,19.5,1923.0,male,Nisei,2006.0,A
251,11,78,0,0.0,1.0,1,0.0,2444.0,19.5,1923.0,female,Nisei,2006.0,C
254,16,114,0,0.0,1.0,1,1.0,2444.0,13.5,1929.0,female,Nisei,2006.0,A
256,19,136,0,0.0,1.0,1,0.0,1269.0,21.5,1921.0,male,Nisei,2006.0,A
257,10,530,0,0.0,1.0,1,1.0,1269.0,13.5,1929.0,female,Nisei,2006.0,A
258,8,417,0,0.0,1.0,1,0.0,1269.0,19.5,1923.0,male,Nisei,2006.0,A
259,13,114,0,0.0,1.0,1,0.0,2444.0,8.5,1934.0,female,Nisei,2007.0,A
26,25,181,0,0.0,1.0,1,0.0,1359.0,31.25,1911.0,female,Issei,1997.0,A
260,9,475,0,0.0,1.0,1,0.0,1269.0,21.5,1921.0,male,Nisei,2007.0,A
264,25,211,0,0.0,1.0,1,1.0,1312.0,18.333,1924.0,female,Nisei,2007.0,A
265,7,381,0,0.0,1.0,1,0.0,2444.0,20.5,1922.0,female,Nisei,2007.0,A
266,12,621,0,0.0,1.0,1,0.0,1269.0,22.5,1920.0,male,Nisei,2007.0,A
267,10,531,0,0.0,1.0,1,0.0,2444.0,8.5,1934.0,female,Nisei,2007.0,A
268,8,422,0,0.0,1.0,1,1.0,2444.0,18.5,1924.0,male,Nisei,2007.0,A
269,12,639,0,0.0,1.0,1,0.0,2444.0,6.5,1936.0,female,Nisei,2007.0,A
27,24,144,0,0.0,1.0,1,0.0,1175.0,24.667,1918.0,male,Nisei,1999.0,A
277,37,2025,0,0.0,1.0,1,0.0,2652.0,4.25,1938.0,female,Nisei,2010.0,A
278,31,1683,0,0.0,1.0,1,0.0,2455.0,27.5,1915.0,male,Nisei,2011.0,A
284,9,479,0,0.0,1.0,1,0.0,2444.0,22.5,1920.0,male,Nisei,2007.0,A
285,8,420,0,0.0,1.0,1,0.0,2444.0,29.5,1913.0,male,Nisei,2007.0,A
286,10,527,0,0.0,1.0,1,1.0,2444.0,18.5,1924.0,female,Nisei,2007.0,A
287,39,284,0,0.0,1.0,1,1.0,1312.0,14.333,1928.0,male,Nisei,2008.0,A
288,22,161,0,0.0,1.0,1,1.0,1306.0,18.417,1924.0,female,Nisei,2007.0,A
289,24,186,0,0.0,1.0,1,0.0,1312.0,19.333,1923.0,male,Nisei,2007.0,A
290,25,209,0,0.0,1.0,1,0.0,1359.0,23.25,1919.0,male,Nisei,2008.0,A
291,25,224,0,0.0,1.0,1,0.0,1312.0,21.333,1921.0,male,Nisei,2008.0,A
292,25,185,0,0.0,1.0,1,1.0,1312.0,18.333,1924.0,male,Nisei,2008.0,A
293,49,345,0,0.0,1.0,1,1.0,1312.0,17.333,1925.0,female,Nisei,2008.0,A
294,47,304,0,0.0,1.0,1,1.0,1312.0,15.333,1927.0,male,Nisei,2007.0,A
295,25,137,0,0.0,1.0,1,1.0,1312.0,16.333,1926.0,male,Nisei,2007.0,A
296,36,250,0,0.0,1.0,1,0.0,1470.0,21.417,1921.0,female,Nisei,2008.0,A
298,24,146,0,0.0,1.0,1,0.0,2534.0,21.25,1921.0,female,Nisei,2008.0,A
299,25,225,0,0.0,1.0,1,1.0,1312.0,17.333,1925.0,female,Nisei,2008.0,A
30,17,165,0,0.0,1.0,1,0.0,1312.0,23.333,1919.0,male,Nisei,1997.0,A
300,23,131,0,0.0,1.0,1,1.0,633.0,12.833,1930.0,female,Sansei,2008.0,A
301,22,145,0,0.0,1.0,1,1.0,1314.0,16.333,1926.0,male,Nisei,2008.0,A
302,19,140,0,0.0,1.0,1,0.0,2461.0,5.5,1937.0,female,Sansei,2008.0,A
305,25,183,0,0.0,1.0,1,1.0,1375.0,16.417,1926.0,male,Nisei,2008.0,A
306,24,158,0,0.0,1.0,1,1.0,1277.0,12.417,1930.0,male,Nisei,2008.0,A
31,25,322,0,0.0,1.0,1,0.0,685.0,0.083,1944.0,male,Sansei,1999.0,A
310,25,181,0,0.0,1.0,1,0.0,2705.0,23.333,1919.0,male,Nisei,2008.0,A
311,19,117,0,0.0,1.0,1,0.0,1314.0,3.333,1939.0,female,Sansei,2008.0,A
313,21,170,0,0.0,1.0,1,0.0,1314.0,7.333,1935.0,male,Nisei,2008.0,A
314,24,168,0,0.0,1.0,1,1.0,1314.0,17.333,1925.0,female,Nisei,2008.0,A
316,24,191,0,0.0,1.0,1,0.0,1314.0,9.333,1933.0,female,Sansei,2008.0,A
317,13,692,0,0.0,1.0,1,0.0,1269.0,20.5,1922.0,male,Nisei,2008.0,A
318,8,413,0,0.0,1.0,1,0.0,2444.0,24.5,1918.0,female,Nisei,2008.0,A
320,11,204,0,0.0,1.0,1,1.0,1186.0,11.667,1931.0,male,Nisei,2008.0,A
321,19,128,0,0.0,1.0,1,1.0,3255.0,17.333,1925.0,female,Nisei,2008.0,A
322,47,1409,0,0.0,1.0,1,0.0,1146.0,8.75,1934.0,male,Nisei,2012.0,A
323,18,97,0,0.0,1.0,1,0.0,1393.0,22.417,1920.0,male,Nisei,2008.0,C
324,28,260,0,0.0,1.0,1,0.0,1269.0,3.5,1939.0,male,Sansei,2008.0,A
325,23,184,0,0.0,1.0,1,0.0,2240.0,26.25,1916.0,female,Nisei,2008.0,A
327,23,138,0,0.0,1.0,1,0.0,1343.0,22.333,1920.0,female,Nisei,2008.0,A
328,25,155,0,0.0,1.0,1,0.0,1343.0,19.333,1923.0,male,Nisei,2008.0,A
329,24,174,0,0.0,1.0,1,0.0,1343.0,21.333,1921.0,female,Nisei,2008.0,A
330,25,155,0,0.0,1.0,1,0.0,1343.0,24.333,1918.0,male,Nisei,2008.0,A
331,23,137,0,0.0,1.0,1,0.0,1343.0,28.333,1914.0,female,Nisei,2008.0,A
333,20,142,0,0.0,1.0,1,0.0,1461.0,23.333,1919.0,female,Nisei,2008.0,A
334,25,144,0,0.0,1.0,1,0.0,1343.0,7.333,1935.0,male,Nisei,2008.0,A
335,25,196,0,0.0,1.0,1,1.0,1314.0,16.333,1926.0,male,Nisei,2008.0,A
336,25,180,0,0.0,1.0,1,1.0,1314.0,14.333,1928.0,male,Nisei,2008.0,A
337,23,172,0,0.0,1.0,1,0.0,1314.0,24.333,1918.0,female,Nisei,2008.0,A
338,25,163,0,0.0,1.0,1,1.0,1277.0,15.417,1927.0,female,Nisei,2008.0,A
339,25,150,0,0.0,1.0,1,0.0,1312.0,21.333,1921.0,male,Nisei,2007.0,A
34,13,944,0,0.0,1.0,1,1.0,1393.0,14.417,1928.0,male,Nisei,1997.0,A
340,17,108,0,0.0,1.0,1,1.0,1312.0,12.333,1930.0,male,Nisei,2007.0,A
342,20,134,0,0.0,1.0,1,1.0,1277.0,17.417,1925.0,male,Nisei,2008.0,A
343,25,1219,0,0.0,1.0,1,0.0,1269.0,20.5,1922.0,female,Nisei,2008.0,A
344,25,155,0,0.0,1.0,1,1.0,2645.0,17.417,1925.0,male,Nisei,2008.0,A
346,24,141,0,0.0,1.0,1,1.0,1314.0,18.333,1924.0,male,Nisei,2008.0,A
347,15,91,0,0.0,1.0,1,0.0,2662.0,0.417,1942.0,male,Kibei,2008.0,C
348,17,110,0,0.0,1.0,1,0.0,1269.0,25.5,1917.0,male,Nisei,2008.0,A
349,20,93,0,0.0,1.0,1,0.0,1269.0,21.5,1921.0,female,Nisei,2008.0,C
35,44,1861,0,0.0,1.0,1,1.0,1312.0,16.333,1926.0,female,Nisei,1998.0,A
350,24,144,0,0.0,1.0,1,0.0,1269.0,6.5,1936.0,female,Nisei,2008.0,A
353,25,172,0,0.0,1.0,1,0.0,137.0,20.333,1922.0,male,Nisei,2008.0,A
354,25,193,0,0.0,1.0,1,0.0,1312.0,30.333,1912.0,male,Nisei,2008.0,A
355,20,146,0,0.0,1.0,1,1.0,1470.0,13.417,1929.0,female,Nisei,2008.0,A
356,25,188,0,0.0,1.0,1,0.0,1343.0,20.333,1922.0,male,Nisei,2008.0,A
357,25,165,0,0.0,1.0,1,0.0,1343.0,19.333,1923.0,male,Nisei,2008.0,A
358,24,147,0,0.0,1.0,1,1.0,1979.0,16.417,1926.0,female,Nisei,2008.0,A
361,18,123,0,0.0,1.0,1,1.0,2521.0,15.417,1927.0,female,Nisei,2008.0,A
363,18,86,0,0.0,1.0,1,1.0,1275.0,13.5,1929.0,female,Nisei,2008.0,C
364,19,107,0,0.0,1.0,1,0.0,1215.0,7.583,1935.0,female,Nisei,2008.0,A
365,20,99,0,0.0,1.0,1,1.0,1445.0,18.417,1924.0,male,Nisei,2008.0,A
366,25,162,0,0.0,1.0,1,1.0,1269.0,17.5,1925.0,female,Nisei,2008.0,A
367,20,114,0,0.0,1.0,1,0.0,1445.0,22.417,1920.0,female,Nisei,2008.0,A
368,23,144,0,0.0,1.0,1,1.0,2591.0,16.417,1926.0,male,Nisei,2008.0,A
372,23,177,0,0.0,1.0,1,1.0,3255.0,13.333,1929.0,male,Nisei,2009.0,A
374,25,168,0,0.0,1.0,1,0.0,1312.0,26.333,1916.0,male,Nisei,2009.0,A
375,44,300,0,0.0,1.0,1,1.0,1269.0,18.5,1924.0,female,Nisei,2008.0,A
376,14,81,0,0.0,1.0,1,1.0,1378.0,15.417,1927.0,female,Nisei,2008.0,C
378,25,169,0,0.0,1.0,1,0.0,1269.0,20.5,1922.0,male,Nisei,2008.0,A
379,23,130,0,0.0,1.0,1,1.0,1269.0,15.5,1927.0,male,Nisei,2008.0,A
38,22,148,0,0.0,1.0,1,1.0,1175.0,16.667,1926.0,male,Nisei,1998.0,A
380,25,145,0,0.0,1.0,1,1.0,1269.0,11.5,1931.0,male,Nisei,2009.0,A
381,49,323,0,0.0,1.0,1,0.0,1269.0,23.5,1919.0,male,Nisei,2009.0,A
382,25,138,0,0.0,1.0,1,1.0,1269.0,16.5,1926.0,male,Nisei,2009.0,A
384,18,116,0,0.0,1.0,1,0.0,2240.0,23.25,1919.0,female,Nisei,2009.0,A
385,25,151,0,0.0,1.0,1,1.0,1269.0,15.5,1927.0,male,Nisei,2009.0,A
387,41,305,0,0.0,1.0,1,1.0,2656.0,16.417,1926.0,male,Nisei,2009.0,A
388,21,122,0,0.0,1.0,1,1.0,1312.0,17.333,1925.0,male,Nisei,2009.0,A
391,11,69,0,0.0,1.0,1,0.0,443.0,0.083,1945.0,male,Sansei,2009.0,C
392,25,187,0,0.0,1.0,1,0.0,3201.0,5.417,1937.0,male,Nisei,2009.0,A
393,25,186,0,0.0,1.0,1,1.0,1819.0,11.667,1931.0,female,Sansei,2009.0,A
395,24,176,0,0.0,1.0,1,0.0,1443.0,21.333,1921.0,male,Nisei,2009.0,A
396,22,157,0,0.0,1.0,1,1.0,1215.0,18.583,1924.0,female,Nisei,2009.0,A
400,25,172,0,0.0,1.0,1,0.0,1215.0,24.583,1918.0,male,Nisei,2009.0,A
401,18,104,0,0.0,1.0,1,0.0,1314.0,21.333,1921.0,male,Nisei,2009.0,A
402,24,171,0,0.0,1.0,1,0.0,1470.0,21.417,1921.0,male,Nisei,2009.0,A
403,15,128,0,0.0,1.0,1,0.0,1393.0,19.417,1923.0,female,Nisei,2009.0,A
405,22,144,0,0.0,1.0,1,1.0,1275.0,17.5,1925.0,female,Nisei,2009.0,A
406,15,111,0,0.0,1.0,1,0.0,1269.0,3.5,1939.0,female,Sansei,2009.0,A
407,16,120,0,0.0,1.0,1,1.0,1275.0,10.5,1932.0,female,Nisei,2009.0,A
408,22,146,0,0.0,1.0,1,1.0,1275.0,18.5,1924.0,female,Nisei,2009.0,A
409,20,175,0,0.0,1.0,1,1.0,1819.0,14.667,1928.0,female,Sansei,2009.0,A
41,24,212,0,0.0,1.0,1,0.0,1312.0,19.333,1923.0,female,Nisei,1997.0,A
410,21,156,0,0.0,1.0,1,0.0,1848.0,6.583,1936.0,female,Nisei,2009.0,A
411,25,169,0,0.0,1.0,1,0.0,847.0,21.25,1921.0,female,Nisei,2009.0,A
412,25,1323,0,0.0,1.0,1,1.0,1275.0,14.5,1928.0,female,Nisei,2009.0,A
413,21,1148,0,0.0,1.0,1,0.0,2662.0,19.417,1923.0,male,Nisei,2009.0,A
415,25,1337,0,0.0,1.0,1,1.0,2793.0,17.25,1925.0,male,Nisei,2009.0,A
416,22,1205,0,0.0,1.0,1,0.0,1329.0,7.417,1935.0,female,Nisei,2009.0,A
417,24,1288,0,0.0,1.0,1,0.0,1393.0,25.417,1917.0,male,Nisei,2009.0,A
418,14,99,0,0.0,1.0,1,1.0,1269.0,15.5,1927.0,male,Nisei,1997.0,A
419,25,237,0,0.0,1.0,1,0.0,1470.0,22.417,1920.0,male,Nisei,2009.0,A
42,50,458,0,0.0,1.0,1,0.0,2444.0,3.5,1939.0,male,Sansei,1998.0,A
420,23,204,0,0.0,1.0,1,1.0,1306.0,12.417,1930.0,female,Nisei,2009.0,A
421,25,173,0,0.0,1.0,1,0.0,1470.0,24.417,1918.0,female,Nisei,2009.0,A
422,24,174,0,0.0,1.0,1,1.0,1312.0,14.333,1928.0,male,Issei,2009.0,A
423,25,1330,0,0.0,1.0,1,1.0,1277.0,17.417,1925.0,male,Nisei,2009.0,A
424,25,1339,0,0.0,1.0,1,1.0,3246.0,13.417,1929.0,female,Nisei,2009.0,A
425,24,146,0,0.0,1.0,1,1.0,3911.0,17.333,1925.0,female,Nisei,2009.0,A
426,25,1307,0,0.0,1.0,1,1.0,1277.0,16.417,1926.0,male,Nisei,2009.0,A
427,22,1145,0,0.0,1.0,1,0.0,1955.0,23.417,1919.0,female,Nisei,2009.0,A
429,25,225,0,0.0,1.0,1,0.0,1393.0,19.417,1923.0,male,Nisei,2009.0,A
43,14,802,0,0.0,1.0,1,0.0,2539.0,19.417,1923.0,male,Kibei,1998.0,A
430,18,955,0,0.0,1.0,1,0.0,1277.0,25.417,1917.0,male,Nisei,2009.0,A
431,24,147,0,0.0,1.0,1,0.0,1269.0,24.5,1918.0,female,Nisei,2009.0,A
432,22,147,0,0.0,1.0,1,0.0,2461.0,22.5,1920.0,female,Nisei,2009.0,A
433,13,65,0,0.0,1.0,1,1.0,1295.0,14.417,1928.0,female,Nisei,2009.0,C
434,23,139,0,0.0,1.0,1,1.0,1269.0,15.5,1927.0,male,Nisei,2009.0,A
435,24,125,0,0.0,1.0,1,1.0,2662.0,17.417,1925.0,female,Nisei,2009.0,A
436,25,161,0,0.0,1.0,1,0.0,1269.0,21.5,1921.0,male,Nisei,2009.0,A
437,25,142,0,0.0,1.0,1,0.0,1269.0,26.5,1916.0,female,Nisei,2009.0,A
438,24,157,0,0.0,1.0,1,1.0,3937.0,18.417,1924.0,male,Nisei,2009.0,A
439,25,175,0,0.0,1.0,1,0.0,1275.0,33.5,1909.0,female,Nisei,2009.0,A
44,20,172,0,0.0,1.0,1,1.0,2745.0,16.333,1926.0,male,Nisei,1998.0,A
441,22,167,0,0.0,1.0,1,0.0,1393.0,22.417,1920.0,male,Nisei,2009.0,A
442,24,200,0,0.0,1.0,1,0.0,1269.0,3.5,1939.0,female,Nisei,2009.0,A
443,22,190,0,0.0,1.0,1,0.0,1269.0,6.5,1936.0,female,Nisei,2009.0,A
444,25,148,0,0.0,1.0,1,0.0,1295.0,21.417,1921.0,male,Nisei,2009.0,A
448,17,94,0,0.0,1.0,1,0.0,1295.0,9.417,1933.0,female,Nisei,2009.0,C
449,19,105,0,0.0,1.0,1,0.0,809.0,0.083,1944.0,female,Nisei,2009.0,A
452,38,2057,0,0.0,1.0,1,1.0,1295.0,10.417,1932.0,male,Nisei,2010.0,A
453,25,1369,0,0.0,1.0,1,0.0,1317.0,20.417,1922.0,female,Nisei,2010.0,A
454,25,1328,0,0.0,1.0,1,0.0,1383.0,20.25,1922.0,male,Nisei,2010.0,A
455,25,1376,0,0.0,1.0,1,0.0,1314.0,28.333,1914.0,male,Nisei,2010.0,A
456,25,1349,0,0.0,1.0,1,0.0,1392.0,20.417,1922.0,male,Nisei,2010.0,A
457,25,1364,0,0.0,1.0,1,0.0,2203.0,22.417,1920.0,male,Sansei,2010.0,A
458,25,1308,0,0.0,1.0,1,0.0,1956.0,27.417,1915.0,female,Nisei,2010.0,A
459,25,1335,0,0.0,1.0,1,0.0,810.0,26.417,1916.0,male,Nisei,2010.0,A
460,17,900,0,0.0,1.0,1,0.0,810.0,20.417,1922.0,female,Nisei,2010.0,A
462,6,325,0,0.0,1.0,1,1.0,1269.0,18.5,1924.0,male,Nisei,2000.0,A
464,8,451,0,0.0,1.0,1,0.0,1169.0,23.75,1919.0,male,Nisei,2000.0,A
465,8,442,0,0.0,1.0,1,0.0,1275.0,24.5,1918.0,male,Nisei,2000.0,A
471,15,813,0,0.0,1.0,1,0.0,1145.0,19.667,1923.0,male,Nisei,2000.0,A
473,9,489,0,0.0,1.0,1,0.0,1146.0,27.75,1915.0,male,Nisei,2000.0,A
474,7,370,0,0.0,1.0,1,0.0,1215.0,24.583,1918.0,male,Nisei,2000.0,A
48,50,834,0,0.0,1.0,1,1.0,1312.0,17.333,1925.0,female,Nisei,1997.0,A
484,25,1330,0,0.0,1.0,1,0.0,1269.0,7.5,1935.0,male,Nisei,2010.0,A
485,39,2081,0,0.0,1.0,1,1.0,3302.0,10.25,1932.0,female,Nisei,2010.0,A
489,25,189,0,0.0,1.0,1,1.0,2793.0,16.25,1926.0,male,Nisei,2010.0,A
490,25,1410,0,0.0,1.0,1,0.0,2026.0,9.417,1933.0,male,Nisei,2010.0,A
491,24,136,0,0.0,1.0,1,0.0,1383.0,9.25,1933.0,male,Nisei,2010.0,A
492,25,156,0,0.0,1.0,1,0.0,4433.0,23.5,1919.0,female,Nisei,2010.0,A
493,16,92,0,0.0,1.0,1,0.0,1269.0,29.5,1913.0,female,Nisei,2010.0,C
494,25,155,0,0.0,1.0,1,0.0,1352.0,24.333,1918.0,male,Nisei,2010.0,A
495,17,113,0,0.0,1.0,1,1.0,1295.0,15.417,1927.0,male,Nisei,2010.0,A
496,25,135,0,0.0,1.0,1,0.0,1269.0,29.5,1913.0,female,Nisei,2010.0,A
497,23,142,0,0.0,1.0,1,1.0,2240.0,14.25,1928.0,male,Nisei,2010.0,A
498,25,144,0,0.0,1.0,1,1.0,1314.0,18.333,1924.0,female,Nisei,2010.0,A
499,20,98,0,0.0,1.0,1,0.0,1269.0,7.5,1935.0,female,Nisei,2010.0,A
50,33,1878,0,0.0,1.0,1,0.0,1470.0,19.417,1923.0,male,Nisei,1994.0,A
500,15,101,0,0.0,1.0,1,1.0,2415.0,15.5,1927.0,male,Nisei,2010.0,A
501,25,132,0,0.0,1.0,1,1.0,1275.0,10.5,1932.0,female,Nisei,2010.0,A
502,16,83,0,0.0,1.0,1,1.0,1269.0,15.5,1927.0,male,Nisei,2010.0,C
503,19,103,0,0.0,1.0,1,1.0,1269.0,14.5,1928.0,male,Nisei,2010.0,A
505,25,1351,0,0.0,1.0,1,1.0,1295.0,17.417,1925.0,male,Nisei,2010.0,A
506,43,1516,0,0.0,1.0,1,1.0,1269.0,16.5,1926.0,male,Nisei,2010.0,A
508,24,172,0,0.0,1.0,1,0.0,1445.0,19.417,1923.0,male,Nisei,2010.0,A
51,24,602,0,0.0,1.0,1,0.0,2753.0,27.25,1915.0,male,Nisei,1997.0,A
510,38,1503,0,0.0,1.0,1,1.0,1269.0,14.5,1928.0,male,Nisei,2019.0,A
513,20,1076,0,0.0,1.0,1,1.0,1359.0,13.25,1929.0,male,Nisei,2010.0,A
514,25,1346,0,0.0,1.0,1,1.0,1295.0,13.417,1929.0,male,Nisei,2010.0,A
515,41,2200,0,0.0,1.0,1,1.0,1359.0,13.25,1929.0,male,Nisei,2011.0,A
516,12,665,0,0.0,1.0,1,0.0,2707.0,27.333,1915.0,male,Kibei,2010.0,A
518,38,2022,0,0.0,1.0,1,0.0,2291.0,5.667,1937.0,female,Nisei,2010.0,A
52,24,619,0,0.0,1.0,1,0.0,1314.0,24.333,1918.0,female,Nisei,1997.0,A
522,25,164,0,0.0,1.0,1,0.0,2707.0,19.333,1923.0,male,Kibei,2010.0,A
525,20,123,0,0.0,1.0,1,0.0,1314.0,5.333,1937.0,male,Sansei,2010.0,A
527,13,689,0,0.0,1.0,1,0.0,1295.0,28.417,1914.0,male,Nisei,2010.0,A
528,25,1330,0,0.0,1.0,1,1.0,2545.0,18.25,1924.0,female,Nisei,2010.0,A
529,22,103,0,0.0,1.0,1,1.0,1306.0,12.417,1930.0,female,Nisei,2010.0,A
530,22,112,0,0.0,1.0,1,1.0,131.0,15.417,1927.0,female,Nisei,2010.0,A
532,21,114,0,0.0,1.0,1,1.0,2510.0,11.417,1931.0,male,Nisei,2010.0,A
534,15,84,0,0.0,1.0,1,0.0,1306.0,9.417,1933.0,male,Nisei,2010.0,C
535,17,84,0,0.0,1.0,1,1.0,1306.0,18.417,1924.0,female,Nisei,2010.0,C
536,20,96,0,0.0,1.0,1,1.0,2581.0,16.417,1926.0,male,Nisei,2010.0,C
537,25,148,0,0.0,1.0,1,1.0,1400.0,17.25,1925.0,male,Nisei,2010.0,A
538,20,94,0,0.0,1.0,1,1.0,1979.0,13.417,1929.0,female,Nisei,2010.0,C
546,25,1331,0,0.0,1.0,1,0.0,1943.0,9.917,1933.0,male,Nisei,2011.0,A
55,25,282,0,0.0,1.0,1,0.0,1215.0,25.583,1917.0,female,Nisei,1999.0,A
550,18,973,0,0.0,1.0,1,0.0,1036.0,19.25,1924.0,male,Nisei,2011.0,A
552,24,1271,0,0.0,1.0,1,1.0,1269.0,15.5,1927.0,male,Nisei,2011.0,A
553,26,170,0,0.0,1.0,1,1.0,1275.0,12.5,1930.0,female,Nisei,2011.0,A
554,19,111,0,0.0,1.0,1,0.0,1312.0,19.333,1923.0,female,Nisei,2011.0,A
556,32,188,0,0.0,1.0,1,0.0,1314.0,8.333,1934.0,female,Nisei,2012.0,A
557,19,138,0,0.0,1.0,1,0.0,1269.0,19.5,1923.0,male,Nisei,2011.0,A
558,17,876,0,0.0,1.0,1,1.0,1393.0,17.417,1925.0,male,Nisei,2009.0,A
559,15,771,0,0.0,1.0,1,1.0,1306.0,16.417,1926.0,female,Nisei,2009.0,A
56,25,187,0,0.0,1.0,1,0.0,2745.0,39.417,1903.0,male,Kibei,1998.0,A
560,14,725,0,0.0,1.0,1,0.0,1312.0,7.333,1935.0,female,Nisei,2009.0,A
562,14,723,0,0.0,1.0,1,1.0,1312.0,18.333,1924.0,male,Nisei,2009.0,A
563,14,727,0,0.0,1.0,1,0.0,1352.0,8.333,1934.0,male,Nisei,2009.0,A
564,17,889,0,0.0,1.0,1,0.0,1186.0,2.667,1940.0,female,Sansei,2009.0,A
565,19,994,0,0.0,1.0,1,1.0,1306.0,11.417,1931.0,female,Nisei,2009.0,A
566,19,115,0,0.0,1.0,1,1.0,1277.0,12.417,1930.0,female,Nisei,2011.0,A
567,25,165,0,0.0,1.0,1,0.0,2753.0,0.25,1942.0,male,Nisei,2011.0,A
568,25,151,0,0.0,1.0,1,0.0,1275.0,20.5,1922.0,male,Nisei,2011.0,A
569,22,138,0,0.0,1.0,1,0.0,1489.0,6.25,1936.0,female,Nisei,2011.0,A
57,25,186,0,0.0,1.0,1,0.0,1312.0,32.333,1910.0,female,Nisei,1998.0,A
570,18,108,0,0.0,1.0,1,0.0,1383.0,21.25,1921.0,male,Nisei,2011.0,A
571,15,800,0,0.0,1.0,1,0.0,1314.0,4.333,1938.0,female,Nisei,2011.0,A
572,25,1343,0,0.0,1.0,1,1.0,2662.0,13.417,1929.0,male,Nisei,2011.0,A
573,20,1054,0,0.0,1.0,1,1.0,2444.0,13.5,1929.0,male,Nisei,2011.0,A
574,20,1047,0,0.0,1.0,1,1.0,2579.0,13.417,1929.0,female,Nisei,2011.0,A
576,25,1369,0,0.0,1.0,1,1.0,2538.0,17.417,1925.0,male,Nisei,2011.0,A
579,16,838,0,0.0,1.0,1,1.0,1312.0,14.333,1928.0,female,Nisei,2011.0,A
58,107,2332,0,0.0,1.0,1,0.0,1393.0,30.417,1912.0,male,Nisei,1998.0,A
580,20,1052,0,0.0,1.0,1,1.0,2589.0,17.417,1925.0,female,Nisei,2011.0,A
581,17,923,0,0.0,1.0,1,1.0,1314.0,18.333,1924.0,female,Nisei,2011.0,A
582,19,1003,0,0.0,1.0,1,1.0,1277.0,14.417,1928.0,male,Nisei,2011.0,A
583,9,478,0,0.0,1.0,1,0.0,2016.0,9.25,1933.0,female,Nisei,2011.0,A
584,25,1328,0,0.0,1.0,1,1.0,1383.0,13.25,1929.0,female,Nisei,2011.0,A
585,19,1007,0,0.0,1.0,1,1.0,1943.0,14.917,1928.0,female,Nisei,2011.0,A
587,24,1409,0,0.0,1.0,1,1.0,2587.0,17.333,1925.0,male,Nisei,2011.0,A
588,16,92,0,0.0,1.0,1,1.0,1312.0,13.333,1929.0,female,Nisei,2011.0,C
589,23,1208,0,0.0,1.0,1,1.0,847.0,13.25,1929.0,female,Nisei,2011.0,A
59,131,1143,0,0.0,1.0,1,1.0,1312.0,13.333,1929.0,male,Nisei,1999.0,A
590,50,2634,0,0.0,1.0,1,1.0,1275.0,12.5,1930.0,male,Nisei,2011.0,A
591,25,1317,0,0.0,1.0,1,0.0,1275.0,26.5,1916.0,male,Nisei,2011.0,A
592,47,2460,0,0.0,1.0,1,0.0,2240.0,7.25,1935.0,male,Sansei,2011.0,A
594,25,1326,0,0.0,1.0,1,0.0,3415.0,21.25,1921.0,male,Nisei,2011.0,A
595,22,1193,0,0.0,1.0,1,0.0,1359.0,8.25,1934.0,male,Sansei,2011.0,A
596,25,134,0,0.0,1.0,1,1.0,1269.0,18.5,1924.0,male,Nisei,2011.0,A
597,15,86,0,0.0,1.0,1,1.0,1359.0,14.25,1928.0,female,Nisei,2011.0,C
598,18,87,0,0.0,1.0,1,0.0,1269.0,6.5,1936.0,female,Nisei,2011.0,C
599,25,149,0,0.0,1.0,1,0.0,1269.0,7.5,1935.0,male,Sansei,2011.0,A
60,70,645,0,0.0,1.0,1,0.0,1393.0,6.417,1936.0,male,Sansei,1999.0,A
600,14,61,0,0.0,1.0,1,1.0,1360.0,17.25,1925.0,female,Nisei,2011.0,C
601,25,151,0,0.0,1.0,1,0.0,1955.0,23.417,1919.0,female,Nisei,2011.0,A
602,21,117,0,0.0,1.0,1,1.0,1269.0,15.5,1927.0,male,Nisei,2011.0,A
603,20,117,0,0.0,1.0,1,0.0,1269.0,24.5,1918.0,male,Nisei,2011.0,A
604,21,105,0,0.0,1.0,1,1.0,1269.0,17.5,1925.0,female,Nisei,2011.0,A
605,18,98,0,0.0,1.0,1,0.0,1269.0,26.5,1916.0,female,Nisei,2011.0,A
606,20,109,0,0.0,1.0,1,1.0,1269.0,10.5,1932.0,female,Sansei,2011.0,A
607,25,1299,0,0.0,1.0,1,0.0,1215.0,25.583,1917.0,male,Nisei,2011.0,A
608,25,1343,0,0.0,1.0,1,1.0,1383.0,18.25,1924.0,male,Nisei,2011.0,A
609,25,1329,0,0.0,1.0,1,0.0,1383.0,9.25,1933.0,male,Nisei,2011.0,A
61,25,190,0,0.0,1.0,1,0.0,1312.0,29.333,1913.0,female,Nisei,1997.0,A
610,23,1238,0,0.0,1.0,1,1.0,1314.0,11.333,1931.0,male,Nisei,2011.0,A
611,20,1057,0,0.0,1.0,1,0.0,1383.0,5.25,1937.0,male,Nisei,2011.0,A
612,25,1338,0,0.0,1.0,1,1.0,1359.0,17.25,1925.0,female,Nisei,2011.0,A
615,25,1322,0,0.0,1.0,1,1.0,847.0,18.25,1924.0,male,Nisei,2011.0,A
616,25,1332,0,0.0,1.0,1,0.0,1269.0,22.5,1920.0,male,Nisei,2011.0,A
617,25,1313,0,0.0,1.0,1,0.0,1429.0,21.25,1921.0,female,Nisei,2011.0,A
618,22,1162,0,0.0,1.0,1,1.0,1979.0,10.417,1932.0,female,Nisei,2011.0,A
619,25,1322,0,0.0,1.0,1,1.0,2668.0,11.417,1931.0,male,Nisei,2011.0,A
620,25,1323,0,0.0,1.0,1,0.0,2699.0,24.417,1918.0,female,Nisei,2011.0,A
621,22,1159,0,0.0,1.0,1,1.0,1269.0,16.5,1926.0,male,Nisei,2011.0,A
622,25,1295,0,0.0,1.0,1,1.0,1275.0,13.5,1929.0,female,Sansei,2011.0,A
623,25,1331,0,0.0,1.0,1,0.0,2662.0,2.417,1940.0,female,Sansei,2011.0,A
624,38,2027,0,0.0,1.0,1,0.0,2628.0,6.25,1936.0,male,Nisei,2011.0,A
625,22,1162,0,0.0,1.0,1,1.0,1295.0,14.417,1928.0,male,Nisei,2011.0,A
626,25,1321,0,0.0,1.0,1,0.0,2414.0,6.5,1936.0,male,Sansei,2011.0,A
627,25,1311,0,0.0,1.0,1,1.0,1269.0,16.5,1926.0,male,Nisei,2012.0,A
628,15,795,0,0.0,1.0,1,0.0,1269.0,6.5,1936.0,female,Nisei,2012.0,A
629,25,1326,0,0.0,1.0,1,1.0,1383.0,14.25,1928.0,female,Sansei,2012.0,A
63,25,135,0,0.0,1.0,1,0.0,1393.0,28.417,1914.0,male,Nisei,1998.0,A
631,18,943,0,0.0,1.0,1,0.0,1275.0,4.5,1938.0,male,Nisei,2012.0,A
632,16,857,0,0.0,1.0,1,1.0,1352.0,17.333,1925.0,male,Nisei,2012.0,A
633,25,1301,0,0.0,1.0,1,1.0,1269.0,15.5,1927.0,female,Nisei,2012.0,A
634,25,1298,0,0.0,1.0,1,1.0,1429.0,18.25,1924.0,male,Nisei,2012.0,A
636,22,1189,0,0.0,1.0,1,0.0,1943.0,6.917,1936.0,female,Sansei,2012.0,A
638,25,1312,0,0.0,1.0,1,1.0,2025.0,18.417,1924.0,male,Nisei,2012.0,A
639,25,1328,0,0.0,1.0,1,0.0,1352.0,20.333,1922.0,female,Nisei,2012.0,A
64,18,219,0,0.0,1.0,1,0.0,1275.0,22.5,1920.0,male,Sansei,1999.0,A
640,25,1315,0,0.0,1.0,1,0.0,1383.0,20.25,1922.0,female,Nisei,2012.0,A
641,25,1301,0,0.0,1.0,1,0.0,690.0,0.083,1944.0,male,Nisei,2012.0,A
642,34,1828,0,0.0,1.0,1,1.0,1400.0,12.25,1930.0,male,Nisei,2010.0,A
643,25,1314,0,0.0,1.0,1,1.0,3218.0,18.5,1924.0,male,Nisei,2012.0,A
645,11,592,0,0.0,1.0,1,0.0,1943.0,0.917,1942.0,male,Nisei,2012.0,A
65,25,211,0,0.0,1.0,1,0.0,3255.0,5.333,1937.0,female,Nisei,1998.0,A
650,22,1191,0,0.0,1.0,1,0.0,1400.0,24.25,1918.0,male,Nisei,2012.0,A
651,23,888,0,0.0,1.0,1,1.0,1275.0,11.5,1931.0,male,Nisei,2016.0,A
652,25,155,0,0.0,1.0,1,1.0,2662.0,12.417,1930.0,female,Nisei,2012.0,A
653,25,1344,0,0.0,1.0,1,0.0,1275.0,22.5,1920.0,male,Nisei,2012.0,A
654,25,1343,0,0.0,1.0,1,0.0,2616.0,19.417,1923.0,male,Nisei,2012.0,A
657,25,1322,0,0.0,1.0,1,0.0,1269.0,8.5,1934.0,male,Nisei,2012.0,A
658,25,1304,0,0.0,1.0,1,0.0,1269.0,19.5,1923.0,male,Nisei,2012.0,A
659,24,1249,0,0.0,1.0,1,1.0,2675.0,15.25,1927.0,female,Nisei,2012.0,A
66,8,604,0,0.0,1.0,1,1.0,633.0,14.833,1928.0,male,Nisei,1997.0,A
660,25,1308,0,0.0,1.0,1,1.0,1269.0,11.5,1931.0,male,Nisei,2012.0,A
661,23,138,0,0.0,1.0,1,1.0,1275.0,13.5,1929.0,male,Nisei,2012.0,A
662,16,830,0,0.0,1.0,1,0.0,1269.0,22.5,1920.0,female,Nisei,2012.0,A
663,21,1103,0,0.0,1.0,1,0.0,1269.0,26.5,1916.0,male,Nisei,2012.0,A
664,14,737,0,0.0,1.0,1,0.0,2705.0,21.333,1921.0,male,Nisei,2012.0,A
665,24,1291,0,0.0,1.0,1,0.0,1275.0,22.5,1920.0,male,Nisei,2012.0,A
666,18,102,0,0.0,1.0,1,1.0,1215.0,10.583,1932.0,male,Nisei,2012.0,A
669,15,772,0,0.0,1.0,1,0.0,1306.0,20.417,1922.0,female,Nisei,2003.0,A
67,16,155,0,0.0,1.0,1,0.0,1470.0,20.417,1922.0,female,Nisei,1998.0,A
671,13,675,0,0.0,1.0,1,0.0,1306.0,28.417,1914.0,female,Nisei,2003.0,A
672,25,154,0,0.0,1.0,1,1.0,1306.0,17.417,1925.0,male,Nisei,2003.0,A
673,12,638,0,0.0,1.0,1,0.0,1317.0,20.417,1922.0,female,Nisei,2003.0,A
674,16,338,0,0.0,1.0,1,0.0,1306.0,41.417,1901.0,female,Issei,2003.0,A
675,11,580,0,0.0,1.0,1,0.0,1306.0,27.417,1915.0,female,Nisei,2003.0,A
678,24,1259,0,0.0,1.0,1,0.0,1175.0,21.667,1921.0,male,Nisei,2003.0,A
679,19,383,0,0.0,1.0,1,0.0,1306.0,36.417,1906.0,female,Issei,2003.0,A
681,11,576,0,0.0,1.0,1,0.0,1306.0,28.417,1914.0,male,Nisei,2003.0,A
683,19,1000,0,0.0,1.0,1,0.0,1306.0,22.417,1920.0,female,Nisei,2003.0,A
684,15,784,0,0.0,1.0,1,0.0,2699.0,27.417,1915.0,male,Nisei,2003.0,A
685,16,834,0,0.0,1.0,1,0.0,1306.0,19.417,1923.0,male,Nisei,2003.0,A
690,22,1151,0,0.0,1.0,1,0.0,1306.0,20.417,1922.0,female,Nisei,2003.0,A
691,16,857,0,0.0,1.0,1,1.0,1175.0,11.667,1931.0,male,Nisei,2003.0,A
692,18,952,0,0.0,1.0,1,1.0,1524.0,16.417,1926.0,male,Nisei,2003.0,A
694,66,2563,0,0.0,1.0,1,1.0,1470.0,18.417,1924.0,male,Nisei,2003.0,A
695,15,788,0,0.0,1.0,1,1.0,1400.0,16.25,1926.0,female,Nisei,2003.0,A
696,25,1317,0,0.0,1.0,1,0.0,1306.0,8.417,1934.0,male,Nisei,2004.0,A
697,14,734,0,0.0,1.0,1,,1848.0,,,female,Nisei,2004.0,A
699,24,1252,0,0.0,1.0,1,0.0,1306.0,24.417,1918.0,male,Nisei,2004.0,A
700,21,1121,0,0.0,1.0,1,1.0,1306.0,15.417,1927.0,male,Nisei,2004.0,A
701,17,887,0,0.0,1.0,1,0.0,1306.0,27.417,1915.0,female,Nisei,2004.0,A
702,21,1101,0,0.0,1.0,1,1.0,1343.0,17.333,1925.0,male,Nisei,2004.0,A
703,25,1303,0,0.0,1.0,1,0.0,1269.0,24.5,1918.0,male,Nisei,2004.0,A
705,22,1151,0,0.0,1.0,1,,2656.0,,,female,Nisei,2004.0,A
707,12,619,0,0.0,1.0,1,0.0,1145.0,24.667,1918.0,female,Nisei,2004.0,A
708,23,1189,0,0.0,1.0,1,0.0,1470.0,22.417,1920.0,male,Nisei,2004.0,A
709,10,532,0,0.0,1.0,1,0.0,1306.0,28.417,1914.0,male,Nisei,2004.0,A
71,25,196,0,0.0,1.0,1,0.0,2444.0,28.5,1914.0,male,Nisei,1998.0,A
72,48,363,0,0.0,1.0,1,0.0,2444.0,23.5,1919.0,female,Nisei,1998.0,A
725,13,61,0,0.0,1.0,1,0.0,1215.0,21.583,1921.0,male,Nisei,2012.0,C
726,11,48,0,0.0,1.0,1,1.0,1393.0,17.417,1925.0,female,Nisei,2012.0,C
727,13,63,0,0.0,1.0,1,1.0,1445.0,17.417,1925.0,female,Nisei,2012.0,C
728,14,70,0,0.0,1.0,1,1.0,1393.0,14.417,1928.0,female,Nisei,2012.0,C
729,15,73,0,0.0,1.0,1,0.0,1393.0,0.417,1942.0,male,Nisei,2012.0,C
731,18,950,0,0.0,1.0,1,1.0,1306.0,14.417,1928.0,male,Nisei,2013.0,A
732,20,1062,0,0.0,1.0,1,1.0,1306.0,13.417,1929.0,female,Nisei,2013.0,A
736,29,140,0,0.0,1.0,1,0.0,1269.0,20.5,1922.0,male,Nisei,2012.0,A
738,19,105,0,0.0,1.0,1,1.0,1269.0,16.5,1926.0,male,Nisei,2011.0,A
739,28,190,0,0.0,1.0,1,0.0,1269.0,8.5,1934.0,female,Sansei,2012.0,A
74,25,189,0,0.0,1.0,1,0.0,1312.0,22.333,1920.0,female,Nisei,1998.0,A
740,19,108,0,0.0,1.0,1,1.0,1269.0,17.5,1925.0,male,Nisei,2012.0,A
742,22,147,0,0.0,1.0,1,0.0,1312.0,19.333,1923.0,female,Nisei,2012.0,A
744,17,94,0,0.0,1.0,1,0.0,1306.0,8.417,1934.0,female,Nisei,2012.0,C
745,25,168,0,0.0,1.0,1,1.0,3220.0,13.417,1929.0,male,Nisei,2013.0,A
746,22,146,0,0.0,1.0,1,0.0,1437.0,5.333,1937.0,female,Nisei,2013.0,A
747,25,177,0,0.0,1.0,1,1.0,1343.0,16.333,1926.0,female,Nisei,2013.0,A
748,25,133,0,0.0,1.0,1,0.0,1269.0,6.5,1936.0,female,Nisei,2013.0,A
75,25,139,0,0.0,1.0,1,0.0,1530.0,33.333,1909.0,female,Nisei,1998.0,A
750,25,173,0,0.0,1.0,1,1.0,1269.0,15.5,1927.0,female,Nisei,2013.0,A
751,25,144,0,0.0,1.0,1,0.0,1269.0,19.5,1923.0,female,Nisei,2013.0,A
752,25,425,0,0.0,1.0,1,,1269.0,,,male,Nisei,2013.0,A
753,14,229,0,0.0,1.0,1,1.0,1269.0,16.5,1926.0,male,Nisei,2013.0,A
754,13,69,0,0.0,1.0,1,0.0,1269.0,0.5,1942.0,female,Nisei,2013.0,C
755,18,931,0,0.0,1.0,1,1.0,2645.0,18.417,1924.0,male,Nisei,2013.0,A
757,17,889,0,0.0,1.0,1,0.0,2457.0,19.333,1923.0,female,Nisei,2013.0,A
758,12,629,0,0.0,1.0,1,1.0,1306.0,15.417,1927.0,female,Nisei,2013.0,A
759,16,832,0,0.0,1.0,1,1.0,1306.0,16.417,1926.0,male,Nisei,2013.0,A
76,25,177,0,0.0,1.0,1,1.0,1470.0,18.417,1924.0,female,Nisei,1998.0,A
760,21,1079,0,0.0,1.0,1,0.0,1306.0,19.417,1923.0,female,Nisei,2013.0,A
761,16,853,0,0.0,1.0,1,0.0,3249.0,9.417,1933.0,male,Nisei,2013.0,A
762,23,1211,0,0.0,1.0,1,1.0,1306.0,10.417,1932.0,male,Nisei,2013.0,A
763,20,1038,0,0.0,1.0,1,1.0,3255.0,11.333,1931.0,female,Nisei,2013.0,A
764,20,1054,0,0.0,1.0,1,0.0,1306.0,21.417,1921.0,male,Nisei,2013.0,A
765,15,789,0,0.0,1.0,1,0.0,1306.0,23.417,1919.0,female,Nisei,2014.0,A
766,16,863,0,0.0,1.0,1,1.0,2645.0,17.417,1925.0,female,Nisei,2014.0,A
767,18,963,0,0.0,1.0,1,1.0,1306.0,18.417,1924.0,male,Nisei,2014.0,A
768,17,910,0,0.0,1.0,1,0.0,2645.0,20.417,1922.0,male,Nisei,2014.0,A
769,25,1326,0,0.0,1.0,1,1.0,2581.0,15.417,1927.0,male,Nisei,2014.0,A
77,17,202,0,0.0,1.0,1,1.0,1312.0,14.333,1928.0,female,Nisei,1999.0,A
770,17,97,0,0.0,1.0,1,0.0,2662.0,7.417,1935.0,female,Nisei,2006.0,C
771,14,82,0,0.0,1.0,1,1.0,1470.0,18.417,1924.0,male,Nisei,2006.0,C
775,24,126,0,0.0,1.0,1,0.0,1269.0,5.5,1937.0,female,Nisei,2012.0,A
778,23,110,0,0.0,1.0,1,0.0,1306.0,23.417,1919.0,female,Nisei,2014.0,A
779,17,895,0,0.0,1.0,1,0.0,1312.0,20.333,1922.0,male,Nisei,2014.0,A
78,25,189,0,0.0,1.0,1,0.0,2579.0,21.417,1921.0,male,Nisei,1998.0,A
780,22,1141,0,0.0,1.0,1,1.0,1306.0,13.417,1929.0,female,Nisei,2014.0,A
781,16,851,0,0.0,1.0,1,1.0,1470.0,18.417,1924.0,female,Nisei,2014.0,A
782,23,1224,0,0.0,1.0,1,1.0,2444.0,15.5,1927.0,male,Nisei,2014.0,A
783,11,596,0,0.0,1.0,1,0.0,1306.0,19.417,1923.0,male,Nisei,2014.0,A
784,17,105,0,0.0,1.0,1,1.0,1306.0,17.417,1925.0,female,Nisei,2014.0,A
785,21,143,0,0.0,1.0,1,0.0,77.0,21.417,1921.0,male,Nisei,2014.0,A
786,18,99,0,0.0,1.0,1,0.0,1306.0,0.417,1942.0,female,Sansei,2014.0,A
787,13,676,0,0.0,1.0,1,1.0,2568.0,12.417,1930.0,female,Nisei,2014.0,A
788,16,827,0,0.0,1.0,1,0.0,1306.0,23.417,1919.0,female,Nisei,2014.0,A
789,13,681,0,0.0,1.0,1,0.0,1306.0,24.417,1918.0,female,Nisei,2014.0,A
79,50,811,0,0.0,1.0,1,0.0,1312.0,26.333,1916.0,male,Nisei,1998.0,A
790,23,1195,0,0.0,1.0,1,0.0,1306.0,3.417,1939.0,female,Kibei,2014.0,A
791,10,513,0,0.0,1.0,1,0.0,1306.0,9.417,1933.0,female,Nisei,2014.0,A
792,22,1155,0,0.0,1.0,1,1.0,1306.0,12.417,1930.0,male,Nisei,2014.0,A
793,11,573,0,0.0,1.0,1,1.0,1306.0,14.417,1928.0,female,Nisei,2014.0,A
794,30,189,0,0.0,1.0,1,0.0,1393.0,19.417,1923.0,male,Nisei,2014.0,A
796,37,325,0,0.0,1.0,1,0.0,1445.0,23.417,1919.0,female,Nisei,2014.0,A
798,7,369,0,0.0,1.0,1,1.0,1400.0,12.25,1930.0,male,Nisei,2010.0,A
8,30,990,0,0.0,1.0,1,0.0,1269.0,19.5,1923.0,female,Nisei,2002.0,A
800,4,216,0,0.0,1.0,1,1.0,1295.0,11.417,1931.0,female,Nisei,2010.0,A
801,6,310,0,0.0,1.0,1,0.0,2631.0,9.417,1933.0,male,Nisei,2010.0,A
802,8,432,0,0.0,1.0,1,1.0,1400.0,12.25,1930.0,male,Nisei,2010.0,A
803,9,476,0,0.0,1.0,1,1.0,1400.0,14.25,1928.0,male,Nisei,2010.0,A
804,4,206,0,0.0,1.0,1,1.0,1445.0,10.417,1932.0,female,Nisei,2010.0,A
805,5,258,0,0.0,1.0,1,,1314.0,,,female,Nisei,2010.0,A
806,25,159,0,0.0,1.0,1,1.0,1269.0,16.5,1926.0,female,Nisei,2011.0,A
809,24,161,0,0.0,1.0,1,0.0,1314.0,8.333,1934.0,male,Sansei,2013.0,A
81,25,196,0,0.0,1.0,1,0.0,1312.0,7.333,1935.0,female,Nisei,1997.0,A
810,24,140,0,0.0,1.0,1,1.0,1269.0,11.5,1931.0,male,Nisei,2014.0,A
811,25,129,0,0.0,1.0,1,0.0,1269.0,19.5,1923.0,male,Nisei,2014.0,A
812,25,157,0,0.0,1.0,1,0.0,1269.0,25.5,1917.0,female,Kibei,2014.0,A
813,25,161,0,0.0,1.0,1,1.0,1275.0,18.5,1924.0,female,Nisei,2014.0,A
814,25,144,0,0.0,1.0,1,0.0,2591.0,5.417,1937.0,female,Sansei,2014.0,A
815,25,149,0,0.0,1.0,1,0.0,1343.0,9.333,1933.0,female,Nisei,2014.0,A
816,24,127,0,0.0,1.0,1,0.0,1979.0,22.417,1920.0,female,Nisei,2014.0,A
817,25,126,0,0.0,1.0,1,1.0,810.0,12.417,1930.0,male,Nisei,2014.0,A
818,25,163,0,0.0,1.0,1,0.0,1312.0,7.333,1935.0,female,Nisei,2014.0,A
819,23,144,0,0.0,1.0,1,1.0,1269.0,10.5,1932.0,male,Nisei,2014.0,A
82,41,1247,0,0.0,1.0,1,0.0,1312.0,30.333,1912.0,male,Issei,1997.0,A
820,18,122,0,0.0,1.0,1,1.0,1383.0,18.25,1924.0,female,Nisei,2014.0,A
821,19,136,0,0.0,1.0,1,1.0,3264.0,10.417,1932.0,male,Sansei,2014.0,A
822,18,104,0,0.0,1.0,1,1.0,2662.0,18.417,1924.0,female,Nisei,2014.0,A
824,13,1052,0,0.0,1.0,1,0.0,1314.0,19.333,1923.0,male,Nisei,2007.0,A
826,24,1302,0,0.0,1.0,1,0.0,1269.0,22.5,1920.0,male,Nisei,2012.0,A
829,21,173,0,0.0,1.0,1,1.0,1444.0,17.417,1925.0,female,Nisei,2015.0,A
83,18,157,0,0.0,1.0,1,1.0,1317.0,15.417,1927.0,male,Nisei,1998.0,A
831,10,557,0,0.0,1.0,1,0.0,1215.0,1.583,1941.0,male,Kibei,1985.0,A
837,13,730,0,0.0,1.0,1,1.0,1145.0,17.667,1925.0,male,Nisei,1985.0,A
84,25,224,0,0.0,1.0,1,1.0,2026.0,17.417,1925.0,female,Sansei,1998.0,A
842,21,128,0,0.0,1.0,1,1.0,1312.0,15.333,1927.0,female,Nisei,2015.0,A
843,16,101,0,0.0,1.0,1,1.0,1306.0,16.417,1926.0,male,Nisei,2015.0,A
847,25,1861,0,0.0,1.0,1,0.0,2203.0,20.417,1922.0,male,Kibei,2004.0,A
849,17,92,0,0.0,1.0,1,1.0,1943.0,12.917,1930.0,female,Nisei,2012.0,C
850,14,96,0,0.0,1.0,1,0.0,3241.0,8.417,1934.0,female,Sansei,2014.0,C
851,25,149,0,0.0,1.0,1,0.0,690.0,0.083,1944.0,female,Sansei,2015.0,A
854,22,145,0,0.0,1.0,1,0.0,2662.0,0.417,1942.0,male,Sansei,2015.0,A
856,19,93,0,0.0,1.0,1,0.0,1445.0,9.417,1933.0,female,Nisei,2015.0,C
857,25,151,0,0.0,1.0,1,0.0,2500.0,9.333,1933.0,female,Nisei,2015.0,A
859,25,172,0,0.0,1.0,1,0.0,2662.0,7.417,1935.0,male,Nisei,2015.0,A
860,25,161,0,0.0,1.0,1,1.0,3318.0,18.417,1924.0,female,Nisei,2015.0,A
862,24,190,0,0.0,1.0,1,1.0,1275.0,15.5,1927.0,female,Nisei,2016.0,A
863,11,91,0,0.0,1.0,1,0.0,1169.0,1.75,1941.0,female,Sansei,2016.0,C
864,22,166,0,0.0,1.0,1,1.0,1470.0,17.417,1925.0,female,Nisei,2016.0,A
87,50,1661,0,0.0,1.0,1,0.0,1312.0,33.333,1909.0,female,Nisei,1998.0,A
88,25,186,0,0.0,1.0,1,1.0,1312.0,16.333,1926.0,female,Nisei,1997.0,A
887,16,152,0,0.0,1.0,1,0.0,1275.0,23.5,1919.0,female,Nisei,2017.0,A
89,24,181,0,0.0,1.0,1,1.0,1470.0,15.417,1927.0,female,Sansei,1998.0,A
894,39,300,0,0.0,1.0,1,1.0,1312.0,13.333,1929.0,male,Nisei,2017.0,A
897,17,141,0,0.0,1.0,1,1.0,1275.0,16.5,1926.0,female,Nisei,2018.0,A
898,20,175,0,0.0,1.0,1,0.0,324.0,0.083,1945.0,male,Sansei,2018.0,A
899,18,151,0,0.0,1.0,1,1.0,1352.0,17.333,1925.0,female,Nisei,2018.0,A
9,25,166,0,0.0,1.0,1,0.0,1306.0,27.417,1915.0,male,Kibei,1998.0,A
90,20,131,0,0.0,1.0,1,1.0,2705.0,10.333,1932.0,female,Sansei,1998.0,A
900,18,171,0,0.0,1.0,1,0.0,1306.0,6.417,1936.0,male,Nisei,2018.0,A
901,16,166,0,0.0,1.0,1,1.0,1383.0,10.25,1932.0,female,Nisei,2018.0,A
902,17,114,0,0.0,1.0,1,0.0,1393.0,20.417,1922.0,female,Sansei,2018.0,A
903,16,88,0,0.0,1.0,1,1.0,1269.0,13.5,1929.0,male,Nisei,2019.0,C
904,15,134,0,0.0,1.0,1,0.0,1275.0,3.5,1939.0,female,Nisei,2019.0,A
906,25,191,0,0.0,1.0,1,1.0,1400.0,11.25,1931.0,male,Nisei,2019.0,A
907,16,165,0,0.0,1.0,1,0.0,2670.0,7.417,1935.0,female,Sansei,2019.0,A
908,20,196,0,0.0,1.0,1,0.0,1368.0,0.083,1944.0,male,Nisei,2019.0,A
910,14,121,0,0.0,1.0,1,0.0,443.0,0.083,1945.0,female,Sansei,2019.0,A
911,18,132,0,0.0,1.0,1,0.0,1400.0,2.25,1940.0,male,Sansei,2019.0,A
912,19,143,0,0.0,1.0,1,1.0,1277.0,13.417,1929.0,female,Nisei,2019.0,A
914,13,137,0,0.0,1.0,1,1.0,2707.0,12.333,1930.0,male,Nisei,2019.0,A
915,24,180,0,0.0,1.0,1,0.0,1314.0,3.333,1939.0,male,Sansei,2019.0,A
916,14,91,0,0.0,1.0,1,0.0,1295.0,7.417,1935.0,female,Nisei,2019.0,C
917,12,57,0,0.0,1.0,1,0.0,1314.0,7.333,1935.0,female,Sansei,2019.0,C
919,19,118,0,0.0,1.0,1,0.0,1145.0,7.667,1935.0,female,Nisei,2019.0,A
92,35,1421,0,0.0,1.0,1,1.0,1343.0,17.333,1925.0,male,Nisei,1998.0,A
920,17,174,0,0.0,1.0,1,0.0,1478.0,0.083,1944.0,female,Sansei,2019.0,A
922,18,118,0,0.0,1.0,1,0.0,1314.0,22.333,1920.0,female,Nisei,2019.0,A
923,17,107,0,0.0,1.0,1,1.0,1269.0,12.5,1930.0,male,Nisei,2019.0,A
924,9,56,0,0.0,1.0,1,0.0,1352.0,7.333,1935.0,female,Nisei,2019.0,C
927,20,139,0,0.0,1.0,1,0.0,1943.0,6.917,1936.0,,,2019.0,A
928,15,88,0,0.0,1.0,1,0.0,1943.0,4.917,1938.0,,,2019.0,C
929,14,106,0,0.0,1.0,1,0.0,1943.0,0.917,1942.0,,,2019.0,A
93,14,1013,0,0.0,1.0,1,1.0,1306.0,18.417,1924.0,female,Nisei,1997.0,A
930,20,142,0,0.0,1.0,1,0.0,1475.0,0.083,1944.0,female,Nisei,2019.0,A
94,57,1023,0,0.0,1.0,1,1.0,1444.0,18.417,1924.0,female,Kibei,1998.0,A
941,14,101,0,0.0,1.0,1,0.0,1169.0,21.75,1921.0,male,Nisei,2017.0,A
942,20,102,0,0.0,1.0,1,1.0,1275.0,16.5,1926.0,female,Nisei,2018.0,A
943,17,94,0,0.0,1.0,1,0.0,1269.0,4.5,1938.0,female,Sansei,2018.0,C
945,10,60,0,0.0,1.0,1,0.0,324.0,0.083,1945.0,female,Sansei,2017.0,C
949,19,126,0,0.0,1.0,1,0.0,1489.0,0.25,1942.0,male,Nisei,2017.0,A
950,15,96,0,0.0,1.0,1,1.0,131.0,17.417,1925.0,female,Nisei,2017.0,C
955,12,70,0,0.0,1.0,1,1.0,1312.0,11.333,1931.0,female,Nisei,2017.0,C
956,12,73,0,0.0,1.0,1,1.0,633.0,16.833,1926.0,female,Nisei,2017.0,C
958,13,81,0,0.0,1.0,1,0.0,2793.0,0.25,1942.0,male,Nisei,2017.0,C
959,22,135,0,0.0,1.0,1,0.0,1383.0,1.25,1941.0,female,Sansei,2019.0,A
960,12,67,0,0.0,1.0,1,0.0,1269.0,3.5,1939.0,female,Nisei,2017.0,C
973,20,110,0,0.0,1.0,1,0.0,1314.0,8.333,1934.0,female,Nisei,2021.0,A
976,11,50,0,0.0,1.0,1,0.0,1848.0,2.583,1940.0,female,Sansei,2021.0,C
977,17,116,0,0.0,1.0,1,0.0,1314.0,6.333,1936.0,male,Sansei,2021.0,A
978,24,146,0,0.0,1.0,1,0.0,1269.0,7.5,1935.0,male,Sansei,2021.0,A
982,16,110,0,0.0,1.0,1,0.0,2716.0,4.333,1938.0,female,Sansei,2022.0,A
983,22,140,0,0.0,1.0,1,0.0,2616.0,8.417,1934.0,female,Sansei,2022.0,A
985,19,110,0,0.0,1.0,1,0.0,1312.0,5.333,1937.0,male,Sansei,2022.0,A
988,34,291,0,0.0,1.0,1,0.0,1312.0,6.333,1936.0,male,Sansei,2022.0,A
989,39,222,0,0.0,1.0,1,0.0,2062.0,9.25,1933.0,male,Nisei,2022.0,A
991,21,121,0,0.0,1.0,1,1.0,1277.0,10.417,1932.0,male,Nisei,2022.0,A
993,17,95,0,0.0,1.0,1,0.0,669.0,0.083,1944.0,female,Sansei,2022.0,C
994,17,145,0,0.0,1.0,1,0.0,1317.0,4.417,1938.0,male,Nisei,2022.0,A
997,22,107,0,0.0,1.0,1,0.0,1329.0,5.417,1937.0,female,Sansei,2022.0,A
998,25,160,0,0.0,1.0,1,0.0,1343.0,3.333,1939.0,male,Sansei,2022.0,A
999,16,110,0,0.0,1.0,1,0.0,1314.0,0.333,1942.0,female,Sansei,2022.0,A
